[0.034s] Invoking command in '/home/thuong/amr_ws/build/amr_descriptions': CMAKE_PREFIX_PATH=${CMAKE_PREFIX_PATH}:/home/thuong/ros2_ws/install/agv_trajectory_tracking:/home/thuong/ros2_ws/install/agv_planner:/opt/ros/humble /usr/bin/cmake --build /home/thuong/amr_ws/build/amr_descriptions -- -j12 -l12
[0.312s] Invoked command in '/home/thuong/amr_ws/build/amr_descriptions' returned '0': CMAKE_PREFIX_PATH=${CMAKE_PREFIX_PATH}:/home/thuong/ros2_ws/install/agv_trajectory_tracking:/home/thuong/ros2_ws/install/agv_planner:/opt/ros/humble /usr/bin/cmake --build /home/thuong/amr_ws/build/amr_descriptions -- -j12 -l12
[0.313s] Invoking command in '/home/thuong/amr_ws/build/amr_descriptions': CMAKE_PREFIX_PATH=${CMAKE_PREFIX_PATH}:/home/thuong/ros2_ws/install/agv_trajectory_tracking:/home/thuong/ros2_ws/install/agv_planner:/opt/ros/humble /usr/bin/cmake --install /home/thuong/amr_ws/build/amr_descriptions
[0.324s] -- Install configuration: ""
[0.324s] -- Installing: /home/thuong/amr_ws/install/amr_descriptions/share/amr_descriptions/launch
[0.325s] -- Installing: /home/thuong/amr_ws/install/amr_descriptions/share/amr_descriptions/launch/launch_sim.launch.py
[0.325s] -- Installing: /home/thuong/amr_ws/install/amr_descriptions/share/amr_descriptions/config
[0.325s] -- Installing: /home/thuong/amr_ws/install/amr_descriptions/share/amr_descriptions/config/rviz2.rviz
[0.325s] -- Installing: /home/thuong/amr_ws/install/amr_descriptions/share/amr_descriptions/worlds
[0.325s] -- Installing: /home/thuong/amr_ws/install/amr_descriptions/share/amr_descriptions/worlds/small_warehouse.world
[0.326s] -- Installing: /home/thuong/amr_ws/install/amr_descriptions/share/amr_descriptions/worlds/empty.world
[0.326s] -- Installing: /home/thuong/amr_ws/install/amr_descriptions/share/amr_descriptions/worlds/models
[0.326s] -- Installing: /home/thuong/amr_ws/install/amr_descriptions/share/amr_descriptions/worlds/models/aws_robomaker_residential_DeskPortraitD_01
[0.326s] -- Installing: /home/thuong/amr_ws/install/amr_descriptions/share/amr_descriptions/worlds/models/aws_robomaker_residential_DeskPortraitD_01/model.config
[0.326s] -- Installing: /home/thuong/amr_ws/install/amr_descriptions/share/amr_descriptions/worlds/models/aws_robomaker_residential_DeskPortraitD_01/model.sdf
[0.326s] -- Installing: /home/thuong/amr_ws/install/amr_descriptions/share/amr_descriptions/worlds/models/aws_robomaker_residential_DeskPortraitD_01/materials
[0.327s] -- Installing: /home/thuong/amr_ws/install/amr_descriptions/share/amr_descriptions/worlds/models/aws_robomaker_residential_DeskPortraitD_01/materials/textures
[0.327s] -- Installing: /home/thuong/amr_ws/install/amr_descriptions/share/amr_descriptions/worlds/models/aws_robomaker_residential_DeskPortraitD_01/materials/textures/aws_DeskPortraitD_02.png
[0.328s] -- Installing: /home/thuong/amr_ws/install/amr_descriptions/share/amr_descriptions/worlds/models/aws_robomaker_residential_DeskPortraitD_01/materials/textures/aws_DeskPortraitD_01.png
[0.328s] -- Installing: /home/thuong/amr_ws/install/amr_descriptions/share/amr_descriptions/worlds/models/aws_robomaker_residential_DeskPortraitD_01/meshes
[0.328s] -- Installing: /home/thuong/amr_ws/install/amr_descriptions/share/amr_descriptions/worlds/models/aws_robomaker_residential_DeskPortraitD_01/meshes/aws_DeskPortraitD_01_collision.DAE
[0.329s] -- Installing: /home/thuong/amr_ws/install/amr_descriptions/share/amr_descriptions/worlds/models/aws_robomaker_residential_DeskPortraitD_01/meshes/aws_DeskPortraitD_01_visual.DAE
[0.329s] -- Installing: /home/thuong/amr_ws/install/amr_descriptions/share/amr_descriptions/worlds/models/aruco_1
[0.330s] -- Installing: /home/thuong/amr_ws/install/amr_descriptions/share/amr_descriptions/worlds/models/aruco_1/model.config
[0.330s] -- Installing: /home/thuong/amr_ws/install/amr_descriptions/share/amr_descriptions/worlds/models/aruco_1/model.sdf
[0.330s] -- Installing: /home/thuong/amr_ws/install/amr_descriptions/share/amr_descriptions/worlds/models/aruco_1/materials
[0.330s] -- Installing: /home/thuong/amr_ws/install/amr_descriptions/share/amr_descriptions/worlds/models/aruco_1/materials/textures
[0.330s] -- Installing: /home/thuong/amr_ws/install/amr_descriptions/share/amr_descriptions/worlds/models/aruco_1/materials/textures/aruco_1.png
[0.330s] -- Installing: /home/thuong/amr_ws/install/amr_descriptions/share/amr_descriptions/worlds/models/aws_robomaker_warehouse_PalletJackB_01
[0.330s] -- Installing: /home/thuong/amr_ws/install/amr_descriptions/share/amr_descriptions/worlds/models/aws_robomaker_warehouse_PalletJackB_01/model.config
[0.331s] -- Installing: /home/thuong/amr_ws/install/amr_descriptions/share/amr_descriptions/worlds/models/aws_robomaker_warehouse_PalletJackB_01/.DS_Store
[0.331s] -- Installing: /home/thuong/amr_ws/install/amr_descriptions/share/amr_descriptions/worlds/models/aws_robomaker_warehouse_PalletJackB_01/model.sdf
[0.331s] -- Installing: /home/thuong/amr_ws/install/amr_descriptions/share/amr_descriptions/worlds/models/aws_robomaker_warehouse_PalletJackB_01/materials
[0.332s] -- Installing: /home/thuong/amr_ws/install/amr_descriptions/share/amr_descriptions/worlds/models/aws_robomaker_warehouse_PalletJackB_01/materials/textures
[0.332s] -- Installing: /home/thuong/amr_ws/install/amr_descriptions/share/amr_descriptions/worlds/models/aws_robomaker_warehouse_PalletJackB_01/materials/textures/aws_robomaker_warehouse_PalletJackB_02.png
[0.332s] -- Installing: /home/thuong/amr_ws/install/amr_descriptions/share/amr_descriptions/worlds/models/aws_robomaker_warehouse_PalletJackB_01/materials/textures/aws_robomaker_warehouse_PalletJackB_01.png
[0.333s] -- Installing: /home/thuong/amr_ws/install/amr_descriptions/share/amr_descriptions/worlds/models/aws_robomaker_warehouse_PalletJackB_01/materials/.DS_Store
[0.333s] -- Installing: /home/thuong/amr_ws/install/amr_descriptions/share/amr_descriptions/worlds/models/aws_robomaker_warehouse_PalletJackB_01/meshes
[0.333s] -- Installing: /home/thuong/amr_ws/install/amr_descriptions/share/amr_descriptions/worlds/models/aws_robomaker_warehouse_PalletJackB_01/meshes/aws_robomaker_warehouse_PalletJackB_01_collision.DAE
[0.333s] -- Installing: /home/thuong/amr_ws/install/amr_descriptions/share/amr_descriptions/worlds/models/aws_robomaker_warehouse_PalletJackB_01/meshes/aws_robomaker_warehouse_PalletJackB_01_visual.DAE
[0.333s] -- Installing: /home/thuong/amr_ws/install/amr_descriptions/share/amr_descriptions/worlds/models/aws_robomaker_warehouse_ShelfD_01
[0.333s] -- Installing: /home/thuong/amr_ws/install/amr_descriptions/share/amr_descriptions/worlds/models/aws_robomaker_warehouse_ShelfD_01/model.config
[0.334s] -- Installing: /home/thuong/amr_ws/install/amr_descriptions/share/amr_descriptions/worlds/models/aws_robomaker_warehouse_ShelfD_01/model.sdf
[0.334s] -- Installing: /home/thuong/amr_ws/install/amr_descriptions/share/amr_descriptions/worlds/models/aws_robomaker_warehouse_ShelfD_01/materials
[0.334s] -- Installing: /home/thuong/amr_ws/install/amr_descriptions/share/amr_descriptions/worlds/models/aws_robomaker_warehouse_ShelfD_01/materials/textures
[0.334s] -- Installing: /home/thuong/amr_ws/install/amr_descriptions/share/amr_descriptions/worlds/models/aws_robomaker_warehouse_ShelfD_01/materials/textures/aws_robomaker_warehouse_ShelfD_03.png
[0.334s] -- Installing: /home/thuong/amr_ws/install/amr_descriptions/share/amr_descriptions/worlds/models/aws_robomaker_warehouse_ShelfD_01/materials/textures/aws_robomaker_warehouse_ShelfD_01.png
[0.334s] -- Installing: /home/thuong/amr_ws/install/amr_descriptions/share/amr_descriptions/worlds/models/aws_robomaker_warehouse_ShelfD_01/materials/textures/aws_robomaker_warehouse_ShelfD_04.png
[0.336s] -- Installing: /home/thuong/amr_ws/install/amr_descriptions/share/amr_descriptions/worlds/models/aws_robomaker_warehouse_ShelfD_01/materials/textures/aws_robomaker_warehouse_ShelfD_02.png
[0.336s] -- Installing: /home/thuong/amr_ws/install/amr_descriptions/share/amr_descriptions/worlds/models/aws_robomaker_warehouse_ShelfD_01/meshes
[0.336s] -- Installing: /home/thuong/amr_ws/install/amr_descriptions/share/amr_descriptions/worlds/models/aws_robomaker_warehouse_ShelfD_01/meshes/aws_robomaker_warehouse_ShelfD_01_collision.DAE
[0.337s] -- Installing: /home/thuong/amr_ws/install/amr_descriptions/share/amr_descriptions/worlds/models/aws_robomaker_warehouse_ShelfD_01/meshes/aws_robomaker_warehouse_ShelfD_01_visual.DAE
[0.337s] -- Installing: /home/thuong/amr_ws/install/amr_descriptions/share/amr_descriptions/worlds/models/aws_robomaker_residential_Tableware_01
[0.337s] -- Installing: /home/thuong/amr_ws/install/amr_descriptions/share/amr_descriptions/worlds/models/aws_robomaker_residential_Tableware_01/model.config
[0.337s] -- Installing: /home/thuong/amr_ws/install/amr_descriptions/share/amr_descriptions/worlds/models/aws_robomaker_residential_Tableware_01/model.sdf
[0.337s] -- Installing: /home/thuong/amr_ws/install/amr_descriptions/share/amr_descriptions/worlds/models/aws_robomaker_residential_Tableware_01/materials
[0.337s] -- Installing: /home/thuong/amr_ws/install/amr_descriptions/share/amr_descriptions/worlds/models/aws_robomaker_residential_Tableware_01/materials/textures
[0.338s] -- Installing: /home/thuong/amr_ws/install/amr_descriptions/share/amr_descriptions/worlds/models/aws_robomaker_residential_Tableware_01/materials/textures/aws_Tableware_01.png
[0.338s] -- Installing: /home/thuong/amr_ws/install/amr_descriptions/share/amr_descriptions/worlds/models/aws_robomaker_residential_Tableware_01/meshes
[0.338s] -- Installing: /home/thuong/amr_ws/install/amr_descriptions/share/amr_descriptions/worlds/models/aws_robomaker_residential_Tableware_01/meshes/aws_Tableware_01_visual.DAE
[0.342s] -- Installing: /home/thuong/amr_ws/install/amr_descriptions/share/amr_descriptions/worlds/models/aws_robomaker_residential_Tableware_01/meshes/aws_Tableware_01_collision.DAE
[0.342s] -- Installing: /home/thuong/amr_ws/install/amr_descriptions/share/amr_descriptions/worlds/models/aws_robomaker_residential_FoldingDoor_01
[0.342s] -- Installing: /home/thuong/amr_ws/install/amr_descriptions/share/amr_descriptions/worlds/models/aws_robomaker_residential_FoldingDoor_01/model.config
[0.343s] -- Installing: /home/thuong/amr_ws/install/amr_descriptions/share/amr_descriptions/worlds/models/aws_robomaker_residential_FoldingDoor_01/model.sdf
[0.343s] -- Installing: /home/thuong/amr_ws/install/amr_descriptions/share/amr_descriptions/worlds/models/aws_robomaker_residential_FoldingDoor_01/materials
[0.343s] -- Installing: /home/thuong/amr_ws/install/amr_descriptions/share/amr_descriptions/worlds/models/aws_robomaker_residential_FoldingDoor_01/materials/textures
[0.343s] -- Installing: /home/thuong/amr_ws/install/amr_descriptions/share/amr_descriptions/worlds/models/aws_robomaker_residential_FoldingDoor_01/materials/textures/aws_FoldingDoor_01.png
[0.343s] -- Installing: /home/thuong/amr_ws/install/amr_descriptions/share/amr_descriptions/worlds/models/aws_robomaker_residential_FoldingDoor_01/meshes
[0.343s] -- Installing: /home/thuong/amr_ws/install/amr_descriptions/share/amr_descriptions/worlds/models/aws_robomaker_residential_FoldingDoor_01/meshes/aws_FoldingDoor_01_visual.DAE
[0.344s] -- Installing: /home/thuong/amr_ws/install/amr_descriptions/share/amr_descriptions/worlds/models/aws_robomaker_residential_FoldingDoor_01/meshes/aws_FoldingDoor_01_collision.DAE
[0.345s] -- Installing: /home/thuong/amr_ws/install/amr_descriptions/share/amr_descriptions/worlds/models/aws_robomaker_residential_Refrigerator_01
[0.345s] -- Installing: /home/thuong/amr_ws/install/amr_descriptions/share/amr_descriptions/worlds/models/aws_robomaker_residential_Refrigerator_01/model.config
[0.345s] -- Installing: /home/thuong/amr_ws/install/amr_descriptions/share/amr_descriptions/worlds/models/aws_robomaker_residential_Refrigerator_01/model.sdf
[0.345s] -- Installing: /home/thuong/amr_ws/install/amr_descriptions/share/amr_descriptions/worlds/models/aws_robomaker_residential_Refrigerator_01/materials
[0.346s] -- Installing: /home/thuong/amr_ws/install/amr_descriptions/share/amr_descriptions/worlds/models/aws_robomaker_residential_Refrigerator_01/materials/textures
[0.346s] -- Installing: /home/thuong/amr_ws/install/amr_descriptions/share/amr_descriptions/worlds/models/aws_robomaker_residential_Refrigerator_01/materials/textures/aws_Refrigerator_01.png
[0.346s] -- Installing: /home/thuong/amr_ws/install/amr_descriptions/share/amr_descriptions/worlds/models/aws_robomaker_residential_Refrigerator_01/materials/textures/aws_Refrigerator_02.png
[0.346s] -- Installing: /home/thuong/amr_ws/install/amr_descriptions/share/amr_descriptions/worlds/models/aws_robomaker_residential_Refrigerator_01/meshes
[0.346s] -- Installing: /home/thuong/amr_ws/install/amr_descriptions/share/amr_descriptions/worlds/models/aws_robomaker_residential_Refrigerator_01/meshes/aws_Refrigerator_01.DAE
[0.348s] -- Installing: /home/thuong/amr_ws/install/amr_descriptions/share/amr_descriptions/worlds/models/aws_robomaker_residential_Refrigerator_01/meshes/aws_Refrigerator_01_visual.DAE
[0.348s] -- Installing: /home/thuong/amr_ws/install/amr_descriptions/share/amr_descriptions/worlds/models/aws_robomaker_residential_Refrigerator_01/meshes/aws_Refrigerator_01_collision.DAE
[0.349s] -- Installing: /home/thuong/amr_ws/install/amr_descriptions/share/amr_descriptions/worlds/models/aws_robomaker_residential_RoomWindow_01
[0.349s] -- Installing: /home/thuong/amr_ws/install/amr_descriptions/share/amr_descriptions/worlds/models/aws_robomaker_residential_RoomWindow_01/model.config
[0.349s] -- Installing: /home/thuong/amr_ws/install/amr_descriptions/share/amr_descriptions/worlds/models/aws_robomaker_residential_RoomWindow_01/model.sdf
[0.349s] -- Installing: /home/thuong/amr_ws/install/amr_descriptions/share/amr_descriptions/worlds/models/aws_robomaker_residential_RoomWindow_01/materials
[0.349s] -- Installing: /home/thuong/amr_ws/install/amr_descriptions/share/amr_descriptions/worlds/models/aws_robomaker_residential_RoomWindow_01/materials/textures
[0.349s] -- Installing: /home/thuong/amr_ws/install/amr_descriptions/share/amr_descriptions/worlds/models/aws_robomaker_residential_RoomWindow_01/materials/textures/aws_RoomWindow_01.png
[0.351s] -- Installing: /home/thuong/amr_ws/install/amr_descriptions/share/amr_descriptions/worlds/models/aws_robomaker_residential_RoomWindow_01/meshes
[0.351s] -- Installing: /home/thuong/amr_ws/install/amr_descriptions/share/amr_descriptions/worlds/models/aws_robomaker_residential_RoomWindow_01/meshes/aws_RoomWindow_01_collision.DAE
[0.351s] -- Installing: /home/thuong/amr_ws/install/amr_descriptions/share/amr_descriptions/worlds/models/aws_robomaker_residential_RoomWindow_01/meshes/aws_RoomWindow_01_visual.DAE
[0.351s] -- Installing: /home/thuong/amr_ws/install/amr_descriptions/share/amr_descriptions/worlds/models/aws_robomaker_residential_KitchenUtensils_01
[0.351s] -- Installing: /home/thuong/amr_ws/install/amr_descriptions/share/amr_descriptions/worlds/models/aws_robomaker_residential_KitchenUtensils_01/model.config
[0.351s] -- Installing: /home/thuong/amr_ws/install/amr_descriptions/share/amr_descriptions/worlds/models/aws_robomaker_residential_KitchenUtensils_01/model.sdf
[0.351s] -- Installing: /home/thuong/amr_ws/install/amr_descriptions/share/amr_descriptions/worlds/models/aws_robomaker_residential_KitchenUtensils_01/materials
[0.351s] -- Installing: /home/thuong/amr_ws/install/amr_descriptions/share/amr_descriptions/worlds/models/aws_robomaker_residential_KitchenUtensils_01/materials/textures
[0.351s] -- Installing: /home/thuong/amr_ws/install/amr_descriptions/share/amr_descriptions/worlds/models/aws_robomaker_residential_KitchenUtensils_01/materials/textures/aws_KitchenUtensils_01.png
[0.354s] -- Installing: /home/thuong/amr_ws/install/amr_descriptions/share/amr_descriptions/worlds/models/aws_robomaker_residential_KitchenUtensils_01/meshes
[0.354s] -- Installing: /home/thuong/amr_ws/install/amr_descriptions/share/amr_descriptions/worlds/models/aws_robomaker_residential_KitchenUtensils_01/meshes/aws_KitchenUtensils_01_collision.DAE
[0.355s] -- Installing: /home/thuong/amr_ws/install/amr_descriptions/share/amr_descriptions/worlds/models/aws_robomaker_residential_KitchenUtensils_01/meshes/aws_KitchenUtensils_01_visual.DAE
[0.355s] -- Installing: /home/thuong/amr_ws/install/amr_descriptions/share/amr_descriptions/worlds/models/aws_robomaker_residential_NightStand_01
[0.356s] -- Installing: /home/thuong/amr_ws/install/amr_descriptions/share/amr_descriptions/worlds/models/aws_robomaker_residential_NightStand_01/model.config
[0.362s] -- Installing: /home/thuong/amr_ws/install/amr_descriptions/share/amr_descriptions/worlds/models/aws_robomaker_residential_NightStand_01/model.sdf
[0.362s] -- Installing: /home/thuong/amr_ws/install/amr_descriptions/share/amr_descriptions/worlds/models/aws_robomaker_residential_NightStand_01/materials
[0.362s] -- Installing: /home/thuong/amr_ws/install/amr_descriptions/share/amr_descriptions/worlds/models/aws_robomaker_residential_NightStand_01/materials/textures
[0.362s] -- Installing: /home/thuong/amr_ws/install/amr_descriptions/share/amr_descriptions/worlds/models/aws_robomaker_residential_NightStand_01/materials/textures/aws_NightStand_01.png
[0.362s] -- Installing: /home/thuong/amr_ws/install/amr_descriptions/share/amr_descriptions/worlds/models/aws_robomaker_residential_NightStand_01/meshes
[0.366s] -- Installing: /home/thuong/amr_ws/install/amr_descriptions/share/amr_descriptions/worlds/models/aws_robomaker_residential_NightStand_01/meshes/aws_NightStand_01_visual.DAE
[0.366s] -- Installing: /home/thuong/amr_ws/install/amr_descriptions/share/amr_descriptions/worlds/models/aws_robomaker_residential_NightStand_01/meshes/aws_NightStand_01_collision.DAE
[0.366s] -- Installing: /home/thuong/amr_ws/install/amr_descriptions/share/amr_descriptions/worlds/models/aws_robomaker_warehouse_RoofB_01
[0.367s] -- Installing: /home/thuong/amr_ws/install/amr_descriptions/share/amr_descriptions/worlds/models/aws_robomaker_warehouse_RoofB_01/model.config
[0.367s] -- Installing: /home/thuong/amr_ws/install/amr_descriptions/share/amr_descriptions/worlds/models/aws_robomaker_warehouse_RoofB_01/model.sdf
[0.367s] -- Installing: /home/thuong/amr_ws/install/amr_descriptions/share/amr_descriptions/worlds/models/aws_robomaker_warehouse_RoofB_01/materials
[0.367s] -- Installing: /home/thuong/amr_ws/install/amr_descriptions/share/amr_descriptions/worlds/models/aws_robomaker_warehouse_RoofB_01/materials/textures
[0.367s] -- Installing: /home/thuong/amr_ws/install/amr_descriptions/share/amr_descriptions/worlds/models/aws_robomaker_warehouse_RoofB_01/materials/textures/aws_robomaker_warehouse_RoofB_01.png
[0.367s] -- Installing: /home/thuong/amr_ws/install/amr_descriptions/share/amr_descriptions/worlds/models/aws_robomaker_warehouse_RoofB_01/meshes
[0.367s] -- Installing: /home/thuong/amr_ws/install/amr_descriptions/share/amr_descriptions/worlds/models/aws_robomaker_warehouse_RoofB_01/meshes/aws_robomaker_warehouse_RoofB_01_visual.DAE
[0.367s] -- Installing: /home/thuong/amr_ws/install/amr_descriptions/share/amr_descriptions/worlds/models/aws_robomaker_warehouse_RoofB_01/meshes/aws_robomaker_warehouse_RoofB_01_collision.DAE
[0.367s] -- Installing: /home/thuong/amr_ws/install/amr_descriptions/share/amr_descriptions/worlds/models/aws_robomaker_residential_RoomWall_01
[0.368s] -- Installing: /home/thuong/amr_ws/install/amr_descriptions/share/amr_descriptions/worlds/models/aws_robomaker_residential_RoomWall_01/model.config
[0.368s] -- Installing: /home/thuong/amr_ws/install/amr_descriptions/share/amr_descriptions/worlds/models/aws_robomaker_residential_RoomWall_01/model.sdf
[0.368s] -- Installing: /home/thuong/amr_ws/install/amr_descriptions/share/amr_descriptions/worlds/models/aws_robomaker_residential_RoomWall_01/materials
[0.368s] -- Installing: /home/thuong/amr_ws/install/amr_descriptions/share/amr_descriptions/worlds/models/aws_robomaker_residential_RoomWall_01/materials/textures
[0.368s] -- Installing: /home/thuong/amr_ws/install/amr_descriptions/share/amr_descriptions/worlds/models/aws_robomaker_residential_RoomWall_01/materials/textures/aws_RoomWall_01.png
[0.371s] -- Installing: /home/thuong/amr_ws/install/amr_descriptions/share/amr_descriptions/worlds/models/aws_robomaker_residential_RoomWall_01/meshes
[0.371s] -- Installing: /home/thuong/amr_ws/install/amr_descriptions/share/amr_descriptions/worlds/models/aws_robomaker_residential_RoomWall_01/meshes/aws_RoomWall_01_collision.DAE
[0.372s] -- Installing: /home/thuong/amr_ws/install/amr_descriptions/share/amr_descriptions/worlds/models/aws_robomaker_residential_RoomWall_01/meshes/aws_RoomWall_01_visual.DAE
[0.372s] -- Installing: /home/thuong/amr_ws/install/amr_descriptions/share/amr_descriptions/worlds/models/aws_robomaker_residential_PortraitB_01
[0.372s] -- Installing: /home/thuong/amr_ws/install/amr_descriptions/share/amr_descriptions/worlds/models/aws_robomaker_residential_PortraitB_01/model.config
[0.372s] -- Installing: /home/thuong/amr_ws/install/amr_descriptions/share/amr_descriptions/worlds/models/aws_robomaker_residential_PortraitB_01/model.sdf
[0.372s] -- Installing: /home/thuong/amr_ws/install/amr_descriptions/share/amr_descriptions/worlds/models/aws_robomaker_residential_PortraitB_01/materials
[0.372s] -- Installing: /home/thuong/amr_ws/install/amr_descriptions/share/amr_descriptions/worlds/models/aws_robomaker_residential_PortraitB_01/materials/textures
[0.372s] -- Installing: /home/thuong/amr_ws/install/amr_descriptions/share/amr_descriptions/worlds/models/aws_robomaker_residential_PortraitB_01/materials/textures/aws_PortraitB_01.png
[0.372s] -- Installing: /home/thuong/amr_ws/install/amr_descriptions/share/amr_descriptions/worlds/models/aws_robomaker_residential_PortraitB_01/materials/textures/aws_PortraitB_02.png
[0.373s] -- Installing: /home/thuong/amr_ws/install/amr_descriptions/share/amr_descriptions/worlds/models/aws_robomaker_residential_PortraitB_01/meshes
[0.373s] -- Installing: /home/thuong/amr_ws/install/amr_descriptions/share/amr_descriptions/worlds/models/aws_robomaker_residential_PortraitB_01/meshes/aws_PortraitB_01_visual.DAE
[0.373s] -- Installing: /home/thuong/amr_ws/install/amr_descriptions/share/amr_descriptions/worlds/models/aws_robomaker_residential_PortraitB_01/meshes/aws_PortraitB_01_collision.DAE
[0.374s] -- Installing: /home/thuong/amr_ws/install/amr_descriptions/share/amr_descriptions/worlds/models/aws_robomaker_residential_Bed_01
[0.374s] -- Installing: /home/thuong/amr_ws/install/amr_descriptions/share/amr_descriptions/worlds/models/aws_robomaker_residential_Bed_01/model.config
[0.374s] -- Installing: /home/thuong/amr_ws/install/amr_descriptions/share/amr_descriptions/worlds/models/aws_robomaker_residential_Bed_01/model.sdf
[0.374s] -- Installing: /home/thuong/amr_ws/install/amr_descriptions/share/amr_descriptions/worlds/models/aws_robomaker_residential_Bed_01/materials
[0.375s] -- Installing: /home/thuong/amr_ws/install/amr_descriptions/share/amr_descriptions/worlds/models/aws_robomaker_residential_Bed_01/materials/textures
[0.375s] -- Installing: /home/thuong/amr_ws/install/amr_descriptions/share/amr_descriptions/worlds/models/aws_robomaker_residential_Bed_01/materials/textures/aws_BedC_01.png
[0.375s] -- Installing: /home/thuong/amr_ws/install/amr_descriptions/share/amr_descriptions/worlds/models/aws_robomaker_residential_Bed_01/materials/textures/aws_BedA_01.png
[0.375s] -- Installing: /home/thuong/amr_ws/install/amr_descriptions/share/amr_descriptions/worlds/models/aws_robomaker_residential_Bed_01/materials/textures/aws_Bed_01.png
[0.377s] -- Installing: /home/thuong/amr_ws/install/amr_descriptions/share/amr_descriptions/worlds/models/aws_robomaker_residential_Bed_01/materials/textures/aws_BedB_01.png
[0.378s] -- Installing: /home/thuong/amr_ws/install/amr_descriptions/share/amr_descriptions/worlds/models/aws_robomaker_residential_Bed_01/meshes
[0.378s] -- Installing: /home/thuong/amr_ws/install/amr_descriptions/share/amr_descriptions/worlds/models/aws_robomaker_residential_Bed_01/meshes/aws_Bed_01_collision.DAE
[0.382s] -- Installing: /home/thuong/amr_ws/install/amr_descriptions/share/amr_descriptions/worlds/models/aws_robomaker_residential_Bed_01/meshes/aws_Bed_01_visual.DAE
[0.382s] -- Installing: /home/thuong/amr_ws/install/amr_descriptions/share/amr_descriptions/worlds/models/aws_robomaker_residential_AirconditionerA_01
[0.382s] -- Installing: /home/thuong/amr_ws/install/amr_descriptions/share/amr_descriptions/worlds/models/aws_robomaker_residential_AirconditionerA_01/model.config
[0.382s] -- Installing: /home/thuong/amr_ws/install/amr_descriptions/share/amr_descriptions/worlds/models/aws_robomaker_residential_AirconditionerA_01/model.sdf
[0.382s] -- Installing: /home/thuong/amr_ws/install/amr_descriptions/share/amr_descriptions/worlds/models/aws_robomaker_residential_AirconditionerA_01/materials
[0.383s] -- Installing: /home/thuong/amr_ws/install/amr_descriptions/share/amr_descriptions/worlds/models/aws_robomaker_residential_AirconditionerA_01/materials/textures
[0.383s] -- Installing: /home/thuong/amr_ws/install/amr_descriptions/share/amr_descriptions/worlds/models/aws_robomaker_residential_AirconditionerA_01/materials/textures/aws_AirconditionerA_01.png
[0.384s] -- Installing: /home/thuong/amr_ws/install/amr_descriptions/share/amr_descriptions/worlds/models/aws_robomaker_residential_AirconditionerA_01/meshes
[0.384s] -- Installing: /home/thuong/amr_ws/install/amr_descriptions/share/amr_descriptions/worlds/models/aws_robomaker_residential_AirconditionerA_01/meshes/aws_AirconditionerA_01_visual.DAE
[0.385s] -- Installing: /home/thuong/amr_ws/install/amr_descriptions/share/amr_descriptions/worlds/models/aws_robomaker_residential_AirconditionerA_01/meshes/aws_AirconditionerA_01_collision.DAE
[0.385s] -- Installing: /home/thuong/amr_ws/install/amr_descriptions/share/amr_descriptions/worlds/models/aws_robomaker_residential_AirconditionerA_01/meshes/aws__Air conditioner_01.DAE
[0.385s] -- Installing: /home/thuong/amr_ws/install/amr_descriptions/share/amr_descriptions/worlds/models/aws_robomaker_residential_Ball_01
[0.385s] -- Installing: /home/thuong/amr_ws/install/amr_descriptions/share/amr_descriptions/worlds/models/aws_robomaker_residential_Ball_01/model.config
[0.385s] -- Installing: /home/thuong/amr_ws/install/amr_descriptions/share/amr_descriptions/worlds/models/aws_robomaker_residential_Ball_01/model.sdf
[0.386s] -- Installing: /home/thuong/amr_ws/install/amr_descriptions/share/amr_descriptions/worlds/models/aws_robomaker_residential_Ball_01/materials
[0.386s] -- Installing: /home/thuong/amr_ws/install/amr_descriptions/share/amr_descriptions/worlds/models/aws_robomaker_residential_Ball_01/materials/textures
[0.386s] -- Installing: /home/thuong/amr_ws/install/amr_descriptions/share/amr_descriptions/worlds/models/aws_robomaker_residential_Ball_01/materials/textures/aws_Ball_01.png
[0.388s] -- Installing: /home/thuong/amr_ws/install/amr_descriptions/share/amr_descriptions/worlds/models/aws_robomaker_residential_Ball_01/meshes
[0.389s] -- Installing: /home/thuong/amr_ws/install/amr_descriptions/share/amr_descriptions/worlds/models/aws_robomaker_residential_Ball_01/meshes/aws_Ball_01_collision.DAE
[0.389s] -- Installing: /home/thuong/amr_ws/install/amr_descriptions/share/amr_descriptions/worlds/models/aws_robomaker_residential_Ball_01/meshes/aws_Ball_01_visual.DAE
[0.389s] -- Installing: /home/thuong/amr_ws/install/amr_descriptions/share/amr_descriptions/worlds/models/aruco_4
[0.389s] -- Installing: /home/thuong/amr_ws/install/amr_descriptions/share/amr_descriptions/worlds/models/aruco_4/model.config
[0.389s] -- Installing: /home/thuong/amr_ws/install/amr_descriptions/share/amr_descriptions/worlds/models/aruco_4/model.sdf
[0.389s] -- Installing: /home/thuong/amr_ws/install/amr_descriptions/share/amr_descriptions/worlds/models/aruco_4/materials
[0.389s] -- Installing: /home/thuong/amr_ws/install/amr_descriptions/share/amr_descriptions/worlds/models/aruco_4/materials/textures
[0.390s] -- Installing: /home/thuong/amr_ws/install/amr_descriptions/share/amr_descriptions/worlds/models/aruco_4/materials/textures/aruco_4.png
[0.390s] -- Installing: /home/thuong/amr_ws/install/amr_descriptions/share/amr_descriptions/worlds/models/aws_robomaker_residential_SofaB_01
[0.390s] -- Installing: /home/thuong/amr_ws/install/amr_descriptions/share/amr_descriptions/worlds/models/aws_robomaker_residential_SofaB_01/model.config
[0.391s] -- Installing: /home/thuong/amr_ws/install/amr_descriptions/share/amr_descriptions/worlds/models/aws_robomaker_residential_SofaB_01/model.sdf
[0.391s] -- Installing: /home/thuong/amr_ws/install/amr_descriptions/share/amr_descriptions/worlds/models/aws_robomaker_residential_SofaB_01/materials
[0.391s] -- Installing: /home/thuong/amr_ws/install/amr_descriptions/share/amr_descriptions/worlds/models/aws_robomaker_residential_SofaB_01/materials/textures
[0.392s] -- Installing: /home/thuong/amr_ws/install/amr_descriptions/share/amr_descriptions/worlds/models/aws_robomaker_residential_SofaB_01/materials/textures/aws_SofaB_01.png
[0.392s] -- Installing: /home/thuong/amr_ws/install/amr_descriptions/share/amr_descriptions/worlds/models/aws_robomaker_residential_SofaB_01/meshes
[0.392s] -- Installing: /home/thuong/amr_ws/install/amr_descriptions/share/amr_descriptions/worlds/models/aws_robomaker_residential_SofaB_01/meshes/aws_SofaB_01_visual.DAE
[0.392s] -- Installing: /home/thuong/amr_ws/install/amr_descriptions/share/amr_descriptions/worlds/models/aws_robomaker_residential_SofaB_01/meshes/aws_SofaB_01_collision.DAE
[0.393s] -- Installing: /home/thuong/amr_ws/install/amr_descriptions/share/amr_descriptions/worlds/models/aws_robomaker_residential_Vase_01
[0.393s] -- Installing: /home/thuong/amr_ws/install/amr_descriptions/share/amr_descriptions/worlds/models/aws_robomaker_residential_Vase_01/model.config
[0.393s] -- Installing: /home/thuong/amr_ws/install/amr_descriptions/share/amr_descriptions/worlds/models/aws_robomaker_residential_Vase_01/model.sdf
[0.393s] -- Installing: /home/thuong/amr_ws/install/amr_descriptions/share/amr_descriptions/worlds/models/aws_robomaker_residential_Vase_01/materials
[0.394s] -- Installing: /home/thuong/amr_ws/install/amr_descriptions/share/amr_descriptions/worlds/models/aws_robomaker_residential_Vase_01/materials/textures
[0.394s] -- Installing: /home/thuong/amr_ws/install/amr_descriptions/share/amr_descriptions/worlds/models/aws_robomaker_residential_Vase_01/materials/textures/aws_Vase_01.png
[0.394s] -- Installing: /home/thuong/amr_ws/install/amr_descriptions/share/amr_descriptions/worlds/models/aws_robomaker_residential_Vase_01/meshes
[0.394s] -- Installing: /home/thuong/amr_ws/install/amr_descriptions/share/amr_descriptions/worlds/models/aws_robomaker_residential_Vase_01/meshes/aws_Vase_01_collision.DAE
[0.396s] -- Installing: /home/thuong/amr_ws/install/amr_descriptions/share/amr_descriptions/worlds/models/aws_robomaker_residential_Vase_01/meshes/aws_Vase_01_visual.DAE
[0.396s] -- Installing: /home/thuong/amr_ws/install/amr_descriptions/share/amr_descriptions/worlds/models/aws_robomaker_residential_DeskPortraitC_01
[0.397s] -- Installing: /home/thuong/amr_ws/install/amr_descriptions/share/amr_descriptions/worlds/models/aws_robomaker_residential_DeskPortraitC_01/model.config
[0.397s] -- Installing: /home/thuong/amr_ws/install/amr_descriptions/share/amr_descriptions/worlds/models/aws_robomaker_residential_DeskPortraitC_01/model.sdf
[0.397s] -- Installing: /home/thuong/amr_ws/install/amr_descriptions/share/amr_descriptions/worlds/models/aws_robomaker_residential_DeskPortraitC_01/materials
[0.397s] -- Installing: /home/thuong/amr_ws/install/amr_descriptions/share/amr_descriptions/worlds/models/aws_robomaker_residential_DeskPortraitC_01/materials/textures
[0.397s] -- Installing: /home/thuong/amr_ws/install/amr_descriptions/share/amr_descriptions/worlds/models/aws_robomaker_residential_DeskPortraitC_01/materials/textures/aws_DeskPortraitC_01.png
[0.397s] -- Installing: /home/thuong/amr_ws/install/amr_descriptions/share/amr_descriptions/worlds/models/aws_robomaker_residential_DeskPortraitC_01/materials/textures/aws_DeskPortraitC_02.png
[0.399s] -- Installing: /home/thuong/amr_ws/install/amr_descriptions/share/amr_descriptions/worlds/models/aws_robomaker_residential_DeskPortraitC_01/meshes
[0.399s] -- Installing: /home/thuong/amr_ws/install/amr_descriptions/share/amr_descriptions/worlds/models/aws_robomaker_residential_DeskPortraitC_01/meshes/aws_DeskPortraitC_01_visual.DAE
[0.399s] -- Installing: /home/thuong/amr_ws/install/amr_descriptions/share/amr_descriptions/worlds/models/aws_robomaker_residential_DeskPortraitC_01/meshes/aws_DeskPortraitC_01_collision.DAE
[0.399s] -- Installing: /home/thuong/amr_ws/install/amr_descriptions/share/amr_descriptions/worlds/models/aws_robomaker_residential_FloorB_01
[0.400s] -- Installing: /home/thuong/amr_ws/install/amr_descriptions/share/amr_descriptions/worlds/models/aws_robomaker_residential_FloorB_01/model.config
[0.400s] -- Installing: /home/thuong/amr_ws/install/amr_descriptions/share/amr_descriptions/worlds/models/aws_robomaker_residential_FloorB_01/model.sdf
[0.400s] -- Installing: /home/thuong/amr_ws/install/amr_descriptions/share/amr_descriptions/worlds/models/aws_robomaker_residential_FloorB_01/materials
[0.400s] -- Installing: /home/thuong/amr_ws/install/amr_descriptions/share/amr_descriptions/worlds/models/aws_robomaker_residential_FloorB_01/materials/textures
[0.400s] -- Installing: /home/thuong/amr_ws/install/amr_descriptions/share/amr_descriptions/worlds/models/aws_robomaker_residential_FloorB_01/materials/textures/aws_FloorB_01.png
[0.400s] -- Installing: /home/thuong/amr_ws/install/amr_descriptions/share/amr_descriptions/worlds/models/aws_robomaker_residential_FloorB_01/meshes
[0.400s] -- Installing: /home/thuong/amr_ws/install/amr_descriptions/share/amr_descriptions/worlds/models/aws_robomaker_residential_FloorB_01/meshes/aws_FloorB_01_visual.DAE
[0.402s] -- Installing: /home/thuong/amr_ws/install/amr_descriptions/share/amr_descriptions/worlds/models/aws_robomaker_residential_FloorB_01/meshes/aws_FloorB_01_collision.DAE
[0.402s] -- Installing: /home/thuong/amr_ws/install/amr_descriptions/share/amr_descriptions/worlds/models/aws_robomaker_residential_DeskPortraitD_04
[0.402s] -- Installing: /home/thuong/amr_ws/install/amr_descriptions/share/amr_descriptions/worlds/models/aws_robomaker_residential_DeskPortraitD_04/model.config
[0.402s] -- Installing: /home/thuong/amr_ws/install/amr_descriptions/share/amr_descriptions/worlds/models/aws_robomaker_residential_DeskPortraitD_04/model.sdf
[0.402s] -- Installing: /home/thuong/amr_ws/install/amr_descriptions/share/amr_descriptions/worlds/models/aws_robomaker_residential_DeskPortraitD_04/materials
[0.402s] -- Installing: /home/thuong/amr_ws/install/amr_descriptions/share/amr_descriptions/worlds/models/aws_robomaker_residential_DeskPortraitD_04/materials/textures
[0.402s] -- Installing: /home/thuong/amr_ws/install/amr_descriptions/share/amr_descriptions/worlds/models/aws_robomaker_residential_DeskPortraitD_04/materials/textures/aws_DeskPortraitD_02.png
[0.403s] -- Installing: /home/thuong/amr_ws/install/amr_descriptions/share/amr_descriptions/worlds/models/aws_robomaker_residential_DeskPortraitD_04/materials/textures/aws_DeskPortraitD_01.png
[0.403s] -- Installing: /home/thuong/amr_ws/install/amr_descriptions/share/amr_descriptions/worlds/models/aws_robomaker_residential_DeskPortraitD_04/meshes
[0.404s] -- Installing: /home/thuong/amr_ws/install/amr_descriptions/share/amr_descriptions/worlds/models/aws_robomaker_residential_DeskPortraitD_04/meshes/aws_DeskPortraitD_01_collision.DAE
[0.404s] -- Installing: /home/thuong/amr_ws/install/amr_descriptions/share/amr_descriptions/worlds/models/aws_robomaker_residential_DeskPortraitD_04/meshes/aws_DeskPortraitD_01_visual.DAE
[0.404s] -- Installing: /home/thuong/amr_ws/install/amr_descriptions/share/amr_descriptions/worlds/models/aws_robomaker_residential_HouseWallB_01
[0.404s] -- Installing: /home/thuong/amr_ws/install/amr_descriptions/share/amr_descriptions/worlds/models/aws_robomaker_residential_HouseWallB_01/model.config
[0.405s] -- Installing: /home/thuong/amr_ws/install/amr_descriptions/share/amr_descriptions/worlds/models/aws_robomaker_residential_HouseWallB_01/model.sdf
[0.405s] -- Installing: /home/thuong/amr_ws/install/amr_descriptions/share/amr_descriptions/worlds/models/aws_robomaker_residential_HouseWallB_01/materials
[0.405s] -- Installing: /home/thuong/amr_ws/install/amr_descriptions/share/amr_descriptions/worlds/models/aws_robomaker_residential_HouseWallB_01/materials/textures
[0.405s] -- Installing: /home/thuong/amr_ws/install/amr_descriptions/share/amr_descriptions/worlds/models/aws_robomaker_residential_HouseWallB_01/materials/textures/aws_HouseWallB_01.png
[0.412s] -- Installing: /home/thuong/amr_ws/install/amr_descriptions/share/amr_descriptions/worlds/models/aws_robomaker_residential_HouseWallB_01/meshes
[0.413s] -- Installing: /home/thuong/amr_ws/install/amr_descriptions/share/amr_descriptions/worlds/models/aws_robomaker_residential_HouseWallB_01/meshes/aws_HouseWallB_01_collision.DAE
[0.413s] -- Installing: /home/thuong/amr_ws/install/amr_descriptions/share/amr_descriptions/worlds/models/aws_robomaker_residential_HouseWallB_01/meshes/aws_HouseWallB_01_visual.DAE
[0.413s] -- Installing: /home/thuong/amr_ws/install/amr_descriptions/share/amr_descriptions/worlds/models/aws_robomaker_residential_AirconditionerB_01
[0.413s] -- Installing: /home/thuong/amr_ws/install/amr_descriptions/share/amr_descriptions/worlds/models/aws_robomaker_residential_AirconditionerB_01/model.config
[0.413s] -- Installing: /home/thuong/amr_ws/install/amr_descriptions/share/amr_descriptions/worlds/models/aws_robomaker_residential_AirconditionerB_01/model.sdf
[0.413s] -- Installing: /home/thuong/amr_ws/install/amr_descriptions/share/amr_descriptions/worlds/models/aws_robomaker_residential_AirconditionerB_01/materials
[0.413s] -- Installing: /home/thuong/amr_ws/install/amr_descriptions/share/amr_descriptions/worlds/models/aws_robomaker_residential_AirconditionerB_01/materials/textures
[0.413s] -- Installing: /home/thuong/amr_ws/install/amr_descriptions/share/amr_descriptions/worlds/models/aws_robomaker_residential_AirconditionerB_01/materials/textures/aws_AirconditionerB_01.png
[0.413s] -- Installing: /home/thuong/amr_ws/install/amr_descriptions/share/amr_descriptions/worlds/models/aws_robomaker_residential_AirconditionerB_01/meshes
[0.413s] -- Installing: /home/thuong/amr_ws/install/amr_descriptions/share/amr_descriptions/worlds/models/aws_robomaker_residential_AirconditionerB_01/meshes/aws_AirconditionerB_01_visual.DAE
[0.414s] -- Installing: /home/thuong/amr_ws/install/amr_descriptions/share/amr_descriptions/worlds/models/aws_robomaker_residential_AirconditionerB_01/meshes/aws_AirconditionerB_01_collision.DAE
[0.414s] -- Installing: /home/thuong/amr_ws/install/amr_descriptions/share/amr_descriptions/worlds/models/aws_robomaker_residential_Tablet_01
[0.414s] -- Installing: /home/thuong/amr_ws/install/amr_descriptions/share/amr_descriptions/worlds/models/aws_robomaker_residential_Tablet_01/model.config
[0.414s] -- Installing: /home/thuong/amr_ws/install/amr_descriptions/share/amr_descriptions/worlds/models/aws_robomaker_residential_Tablet_01/model.sdf
[0.414s] -- Installing: /home/thuong/amr_ws/install/amr_descriptions/share/amr_descriptions/worlds/models/aws_robomaker_residential_Tablet_01/materials
[0.414s] -- Installing: /home/thuong/amr_ws/install/amr_descriptions/share/amr_descriptions/worlds/models/aws_robomaker_residential_Tablet_01/materials/textures
[0.414s] -- Installing: /home/thuong/amr_ws/install/amr_descriptions/share/amr_descriptions/worlds/models/aws_robomaker_residential_Tablet_01/materials/textures/aws_Tablet_01_nologo.png
[0.414s] -- Installing: /home/thuong/amr_ws/install/amr_descriptions/share/amr_descriptions/worlds/models/aws_robomaker_residential_Tablet_01/meshes
[0.414s] -- Installing: /home/thuong/amr_ws/install/amr_descriptions/share/amr_descriptions/worlds/models/aws_robomaker_residential_Tablet_01/meshes/aws_Tablet_01_visual.DAE
[0.414s] -- Installing: /home/thuong/amr_ws/install/amr_descriptions/share/amr_descriptions/worlds/models/aws_robomaker_residential_Tablet_01/meshes/aws_Tablet_01_collision.DAE
[0.414s] -- Installing: /home/thuong/amr_ws/install/amr_descriptions/share/amr_descriptions/worlds/models/aws_robomaker_residential_Carpet_01
[0.415s] -- Installing: /home/thuong/amr_ws/install/amr_descriptions/share/amr_descriptions/worlds/models/aws_robomaker_residential_Carpet_01/model.config
[0.415s] -- Installing: /home/thuong/amr_ws/install/amr_descriptions/share/amr_descriptions/worlds/models/aws_robomaker_residential_Carpet_01/model.sdf
[0.415s] -- Installing: /home/thuong/amr_ws/install/amr_descriptions/share/amr_descriptions/worlds/models/aws_robomaker_residential_Carpet_01/materials
[0.415s] -- Installing: /home/thuong/amr_ws/install/amr_descriptions/share/amr_descriptions/worlds/models/aws_robomaker_residential_Carpet_01/materials/textures
[0.415s] -- Installing: /home/thuong/amr_ws/install/amr_descriptions/share/amr_descriptions/worlds/models/aws_robomaker_residential_Carpet_01/materials/textures/aws_Carpet_01.png
[0.436s] -- Installing: /home/thuong/amr_ws/install/amr_descriptions/share/amr_descriptions/worlds/models/aws_robomaker_residential_Carpet_01/meshes
[0.436s] -- Installing: /home/thuong/amr_ws/install/amr_descriptions/share/amr_descriptions/worlds/models/aws_robomaker_residential_Carpet_01/meshes/aws_Carpet_01_collision.DAE
[0.437s] -- Installing: /home/thuong/amr_ws/install/amr_descriptions/share/amr_descriptions/worlds/models/aws_robomaker_residential_Carpet_01/meshes/aws_Carpet_01_visual.DAE
[0.437s] -- Installing: /home/thuong/amr_ws/install/amr_descriptions/share/amr_descriptions/worlds/models/aws_robomaker_residential_BalconyTable_01
[0.437s] -- Installing: /home/thuong/amr_ws/install/amr_descriptions/share/amr_descriptions/worlds/models/aws_robomaker_residential_BalconyTable_01/model.config
[0.437s] -- Installing: /home/thuong/amr_ws/install/amr_descriptions/share/amr_descriptions/worlds/models/aws_robomaker_residential_BalconyTable_01/model.sdf
[0.437s] -- Installing: /home/thuong/amr_ws/install/amr_descriptions/share/amr_descriptions/worlds/models/aws_robomaker_residential_BalconyTable_01/materials
[0.437s] -- Installing: /home/thuong/amr_ws/install/amr_descriptions/share/amr_descriptions/worlds/models/aws_robomaker_residential_BalconyTable_01/materials/textures
[0.437s] -- Installing: /home/thuong/amr_ws/install/amr_descriptions/share/amr_descriptions/worlds/models/aws_robomaker_residential_BalconyTable_01/materials/textures/aws_BalconyTable_01.png
[0.437s] -- Installing: /home/thuong/amr_ws/install/amr_descriptions/share/amr_descriptions/worlds/models/aws_robomaker_residential_BalconyTable_01/meshes
[0.438s] -- Installing: /home/thuong/amr_ws/install/amr_descriptions/share/amr_descriptions/worlds/models/aws_robomaker_residential_BalconyTable_01/meshes/aws_BalconyTable_01_collision.DAE
[0.438s] -- Installing: /home/thuong/amr_ws/install/amr_descriptions/share/amr_descriptions/worlds/models/aws_robomaker_residential_BalconyTable_01/meshes/aws_BalconyTable_01_visual.DAE
[0.438s] -- Installing: /home/thuong/amr_ws/install/amr_descriptions/share/amr_descriptions/worlds/models/aws_robomaker_warehouse_WallB_01
[0.438s] -- Installing: /home/thuong/amr_ws/install/amr_descriptions/share/amr_descriptions/worlds/models/aws_robomaker_warehouse_WallB_01/model.config
[0.438s] -- Installing: /home/thuong/amr_ws/install/amr_descriptions/share/amr_descriptions/worlds/models/aws_robomaker_warehouse_WallB_01/model.sdf
[0.438s] -- Installing: /home/thuong/amr_ws/install/amr_descriptions/share/amr_descriptions/worlds/models/aws_robomaker_warehouse_WallB_01/materials
[0.438s] -- Installing: /home/thuong/amr_ws/install/amr_descriptions/share/amr_descriptions/worlds/models/aws_robomaker_warehouse_WallB_01/materials/textures
[0.439s] -- Installing: /home/thuong/amr_ws/install/amr_descriptions/share/amr_descriptions/worlds/models/aws_robomaker_warehouse_WallB_01/materials/textures/aws_robomaker_warehouse_WallB_01.png
[0.439s] -- Installing: /home/thuong/amr_ws/install/amr_descriptions/share/amr_descriptions/worlds/models/aws_robomaker_warehouse_WallB_01/meshes
[0.439s] -- Installing: /home/thuong/amr_ws/install/amr_descriptions/share/amr_descriptions/worlds/models/aws_robomaker_warehouse_WallB_01/meshes/aws_robomaker_warehouse_WallB_01_collision.DAE
[0.439s] -- Installing: /home/thuong/amr_ws/install/amr_descriptions/share/amr_descriptions/worlds/models/aws_robomaker_warehouse_WallB_01/meshes/aws_robomaker_warehouse_WallB_01_visual.DAE
[0.439s] -- Installing: /home/thuong/amr_ws/install/amr_descriptions/share/amr_descriptions/worlds/models/aws_robomaker_residential_TV_02
[0.439s] -- Installing: /home/thuong/amr_ws/install/amr_descriptions/share/amr_descriptions/worlds/models/aws_robomaker_residential_TV_02/model.config
[0.439s] -- Installing: /home/thuong/amr_ws/install/amr_descriptions/share/amr_descriptions/worlds/models/aws_robomaker_residential_TV_02/model.sdf
[0.439s] -- Installing: /home/thuong/amr_ws/install/amr_descriptions/share/amr_descriptions/worlds/models/aws_robomaker_residential_TV_02/materials
[0.439s] -- Installing: /home/thuong/amr_ws/install/amr_descriptions/share/amr_descriptions/worlds/models/aws_robomaker_residential_TV_02/materials/textures
[0.439s] -- Installing: /home/thuong/amr_ws/install/amr_descriptions/share/amr_descriptions/worlds/models/aws_robomaker_residential_TV_02/materials/textures/aws_TV_01.png
[0.439s] -- Installing: /home/thuong/amr_ws/install/amr_descriptions/share/amr_descriptions/worlds/models/aws_robomaker_residential_TV_02/meshes
[0.439s] -- Installing: /home/thuong/amr_ws/install/amr_descriptions/share/amr_descriptions/worlds/models/aws_robomaker_residential_TV_02/meshes/aws_TV_01_visual.DAE
[0.440s] -- Installing: /home/thuong/amr_ws/install/amr_descriptions/share/amr_descriptions/worlds/models/aws_robomaker_residential_TV_02/meshes/aws_TV_01_collision.DAE
[0.440s] -- Installing: /home/thuong/amr_ws/install/amr_descriptions/share/amr_descriptions/worlds/models/aws_robomaker_residential_PortraitB_02
[0.440s] -- Installing: /home/thuong/amr_ws/install/amr_descriptions/share/amr_descriptions/worlds/models/aws_robomaker_residential_PortraitB_02/model.config
[0.440s] -- Installing: /home/thuong/amr_ws/install/amr_descriptions/share/amr_descriptions/worlds/models/aws_robomaker_residential_PortraitB_02/model.sdf
[0.440s] -- Installing: /home/thuong/amr_ws/install/amr_descriptions/share/amr_descriptions/worlds/models/aws_robomaker_residential_PortraitB_02/materials
[0.440s] -- Installing: /home/thuong/amr_ws/install/amr_descriptions/share/amr_descriptions/worlds/models/aws_robomaker_residential_PortraitB_02/materials/textures
[0.443s] -- Installing: /home/thuong/amr_ws/install/amr_descriptions/share/amr_descriptions/worlds/models/aws_robomaker_residential_PortraitB_02/materials/textures/aws_PortraitB_01.png
[0.443s] -- Installing: /home/thuong/amr_ws/install/amr_descriptions/share/amr_descriptions/worlds/models/aws_robomaker_residential_PortraitB_02/materials/textures/aws_PortraitB_02.png
[0.443s] -- Installing: /home/thuong/amr_ws/install/amr_descriptions/share/amr_descriptions/worlds/models/aws_robomaker_residential_PortraitB_02/meshes
[0.443s] -- Installing: /home/thuong/amr_ws/install/amr_descriptions/share/amr_descriptions/worlds/models/aws_robomaker_residential_PortraitB_02/meshes/aws_PortraitB_01_visual.DAE
[0.443s] -- Installing: /home/thuong/amr_ws/install/amr_descriptions/share/amr_descriptions/worlds/models/aws_robomaker_residential_PortraitB_02/meshes/aws_PortraitB_01_collision.DAE
[0.443s] -- Installing: /home/thuong/amr_ws/install/amr_descriptions/share/amr_descriptions/worlds/models/aws_robomaker_residential_DeskPortraitB_02
[0.444s] -- Installing: /home/thuong/amr_ws/install/amr_descriptions/share/amr_descriptions/worlds/models/aws_robomaker_residential_DeskPortraitB_02/model.config
[0.444s] -- Installing: /home/thuong/amr_ws/install/amr_descriptions/share/amr_descriptions/worlds/models/aws_robomaker_residential_DeskPortraitB_02/model.sdf
[0.444s] -- Installing: /home/thuong/amr_ws/install/amr_descriptions/share/amr_descriptions/worlds/models/aws_robomaker_residential_DeskPortraitB_02/materials
[0.444s] -- Installing: /home/thuong/amr_ws/install/amr_descriptions/share/amr_descriptions/worlds/models/aws_robomaker_residential_DeskPortraitB_02/materials/textures
[0.444s] -- Installing: /home/thuong/amr_ws/install/amr_descriptions/share/amr_descriptions/worlds/models/aws_robomaker_residential_DeskPortraitB_02/materials/textures/aws_DeskPortraitB_01.png
[0.444s] -- Installing: /home/thuong/amr_ws/install/amr_descriptions/share/amr_descriptions/worlds/models/aws_robomaker_residential_DeskPortraitB_02/materials/textures/aws_DeskPortraitB_02.png
[0.444s] -- Installing: /home/thuong/amr_ws/install/amr_descriptions/share/amr_descriptions/worlds/models/aws_robomaker_residential_DeskPortraitB_02/meshes
[0.444s] -- Installing: /home/thuong/amr_ws/install/amr_descriptions/share/amr_descriptions/worlds/models/aws_robomaker_residential_DeskPortraitB_02/meshes/aws_DeskPortraitB_01_collision.DAE
[0.445s] -- Installing: /home/thuong/amr_ws/install/amr_descriptions/share/amr_descriptions/worlds/models/aws_robomaker_residential_DeskPortraitB_02/meshes/aws_DeskPortraitB_01_visual.DAE
[0.445s] -- Installing: /home/thuong/amr_ws/install/amr_descriptions/share/amr_descriptions/worlds/models/aws_robomaker_residential_SecurityCamera_01
[0.445s] -- Installing: /home/thuong/amr_ws/install/amr_descriptions/share/amr_descriptions/worlds/models/aws_robomaker_residential_SecurityCamera_01/model.config
[0.445s] -- Installing: /home/thuong/amr_ws/install/amr_descriptions/share/amr_descriptions/worlds/models/aws_robomaker_residential_SecurityCamera_01/model.sdf
[0.445s] -- Installing: /home/thuong/amr_ws/install/amr_descriptions/share/amr_descriptions/worlds/models/aws_robomaker_residential_SecurityCamera_01/materials
[0.445s] -- Installing: /home/thuong/amr_ws/install/amr_descriptions/share/amr_descriptions/worlds/models/aws_robomaker_residential_SecurityCamera_01/materials/textures
[0.445s] -- Installing: /home/thuong/amr_ws/install/amr_descriptions/share/amr_descriptions/worlds/models/aws_robomaker_residential_SecurityCamera_01/materials/textures/aws_SecurityCamera_01.png
[0.445s] -- Installing: /home/thuong/amr_ws/install/amr_descriptions/share/amr_descriptions/worlds/models/aws_robomaker_residential_SecurityCamera_01/meshes
[0.445s] -- Installing: /home/thuong/amr_ws/install/amr_descriptions/share/amr_descriptions/worlds/models/aws_robomaker_residential_SecurityCamera_01/meshes/aws_SecurityCamera_01_collision.DAE
[0.445s] -- Installing: /home/thuong/amr_ws/install/amr_descriptions/share/amr_descriptions/worlds/models/aws_robomaker_residential_SecurityCamera_01/meshes/aws_SecurityCamera_01_visual.DAE
[0.445s] -- Installing: /home/thuong/amr_ws/install/amr_descriptions/share/amr_descriptions/worlds/models/aws_robomaker_residential_PortraitD_01
[0.446s] -- Installing: /home/thuong/amr_ws/install/amr_descriptions/share/amr_descriptions/worlds/models/aws_robomaker_residential_PortraitD_01/model.config
[0.446s] -- Installing: /home/thuong/amr_ws/install/amr_descriptions/share/amr_descriptions/worlds/models/aws_robomaker_residential_PortraitD_01/model.sdf
[0.446s] -- Installing: /home/thuong/amr_ws/install/amr_descriptions/share/amr_descriptions/worlds/models/aws_robomaker_residential_PortraitD_01/materials
[0.446s] -- Installing: /home/thuong/amr_ws/install/amr_descriptions/share/amr_descriptions/worlds/models/aws_robomaker_residential_PortraitD_01/materials/textures
[0.449s] -- Installing: /home/thuong/amr_ws/install/amr_descriptions/share/amr_descriptions/worlds/models/aws_robomaker_residential_PortraitD_01/materials/textures/aws_PortraitD_02.png
[0.449s] -- Installing: /home/thuong/amr_ws/install/amr_descriptions/share/amr_descriptions/worlds/models/aws_robomaker_residential_PortraitD_01/materials/textures/aws_PortraitD_01.png
[0.449s] -- Installing: /home/thuong/amr_ws/install/amr_descriptions/share/amr_descriptions/worlds/models/aws_robomaker_residential_PortraitD_01/meshes
[0.449s] -- Installing: /home/thuong/amr_ws/install/amr_descriptions/share/amr_descriptions/worlds/models/aws_robomaker_residential_PortraitD_01/meshes/aws_PortraitD_01_visual.DAE
[0.449s] -- Installing: /home/thuong/amr_ws/install/amr_descriptions/share/amr_descriptions/worlds/models/aws_robomaker_residential_PortraitD_01/meshes/aws_PortraitD_01_collision.DAE
[0.450s] -- Installing: /home/thuong/amr_ws/install/amr_descriptions/share/amr_descriptions/worlds/models/aws_robomaker_residential_PortraitA_01
[0.450s] -- Installing: /home/thuong/amr_ws/install/amr_descriptions/share/amr_descriptions/worlds/models/aws_robomaker_residential_PortraitA_01/model.config
[0.450s] -- Installing: /home/thuong/amr_ws/install/amr_descriptions/share/amr_descriptions/worlds/models/aws_robomaker_residential_PortraitA_01/model.sdf
[0.450s] -- Installing: /home/thuong/amr_ws/install/amr_descriptions/share/amr_descriptions/worlds/models/aws_robomaker_residential_PortraitA_01/materials
[0.450s] -- Installing: /home/thuong/amr_ws/install/amr_descriptions/share/amr_descriptions/worlds/models/aws_robomaker_residential_PortraitA_01/materials/textures
[0.450s] -- Installing: /home/thuong/amr_ws/install/amr_descriptions/share/amr_descriptions/worlds/models/aws_robomaker_residential_PortraitA_01/materials/textures/aws_PortraitA_02.png
[0.450s] -- Installing: /home/thuong/amr_ws/install/amr_descriptions/share/amr_descriptions/worlds/models/aws_robomaker_residential_PortraitA_01/materials/textures/aws_PortraitA_01.png
[0.450s] -- Installing: /home/thuong/amr_ws/install/amr_descriptions/share/amr_descriptions/worlds/models/aws_robomaker_residential_PortraitA_01/meshes
[0.450s] -- Installing: /home/thuong/amr_ws/install/amr_descriptions/share/amr_descriptions/worlds/models/aws_robomaker_residential_PortraitA_01/meshes/aws_PortraitA_01_visual.DAE
[0.450s] -- Installing: /home/thuong/amr_ws/install/amr_descriptions/share/amr_descriptions/worlds/models/aws_robomaker_residential_PortraitA_01/meshes/aws_PortraitA_01_collision.DAE
[0.451s] -- Installing: /home/thuong/amr_ws/install/amr_descriptions/share/amr_descriptions/worlds/models/aws_robomaker_residential_Quilt_01
[0.451s] -- Installing: /home/thuong/amr_ws/install/amr_descriptions/share/amr_descriptions/worlds/models/aws_robomaker_residential_Quilt_01/model.config
[0.451s] -- Installing: /home/thuong/amr_ws/install/amr_descriptions/share/amr_descriptions/worlds/models/aws_robomaker_residential_Quilt_01/model.sdf
[0.451s] -- Installing: /home/thuong/amr_ws/install/amr_descriptions/share/amr_descriptions/worlds/models/aws_robomaker_residential_Quilt_01/materials
[0.451s] -- Installing: /home/thuong/amr_ws/install/amr_descriptions/share/amr_descriptions/worlds/models/aws_robomaker_residential_Quilt_01/materials/textures
[0.451s] -- Installing: /home/thuong/amr_ws/install/amr_descriptions/share/amr_descriptions/worlds/models/aws_robomaker_residential_Quilt_01/materials/textures/aws_Quilt_01.png
[0.451s] -- Installing: /home/thuong/amr_ws/install/amr_descriptions/share/amr_descriptions/worlds/models/aws_robomaker_residential_Quilt_01/meshes
[0.451s] -- Installing: /home/thuong/amr_ws/install/amr_descriptions/share/amr_descriptions/worlds/models/aws_robomaker_residential_Quilt_01/meshes/aws_Quilt_01_collision.DAE
[0.452s] -- Installing: /home/thuong/amr_ws/install/amr_descriptions/share/amr_descriptions/worlds/models/aws_robomaker_residential_Quilt_01/meshes/aws_Quilt_01_visual.DAE
[0.452s] -- Installing: /home/thuong/amr_ws/install/amr_descriptions/share/amr_descriptions/worlds/models/aws_robomaker_residential_Pillow_01
[0.452s] -- Installing: /home/thuong/amr_ws/install/amr_descriptions/share/amr_descriptions/worlds/models/aws_robomaker_residential_Pillow_01/model.config
[0.452s] -- Installing: /home/thuong/amr_ws/install/amr_descriptions/share/amr_descriptions/worlds/models/aws_robomaker_residential_Pillow_01/model.sdf
[0.452s] -- Installing: /home/thuong/amr_ws/install/amr_descriptions/share/amr_descriptions/worlds/models/aws_robomaker_residential_Pillow_01/materials
[0.452s] -- Installing: /home/thuong/amr_ws/install/amr_descriptions/share/amr_descriptions/worlds/models/aws_robomaker_residential_Pillow_01/materials/textures
[0.452s] -- Installing: /home/thuong/amr_ws/install/amr_descriptions/share/amr_descriptions/worlds/models/aws_robomaker_residential_Pillow_01/materials/textures/aws_Pillow_01.png
[0.455s] -- Installing: /home/thuong/amr_ws/install/amr_descriptions/share/amr_descriptions/worlds/models/aws_robomaker_residential_Pillow_01/meshes
[0.455s] -- Installing: /home/thuong/amr_ws/install/amr_descriptions/share/amr_descriptions/worlds/models/aws_robomaker_residential_Pillow_01/meshes/aws_Pillow_01_visual.DAE
[0.460s] -- Installing: /home/thuong/amr_ws/install/amr_descriptions/share/amr_descriptions/worlds/models/aws_robomaker_residential_Pillow_01/meshes/aws_Pillow_01_collision.DAE
[0.460s] -- Installing: /home/thuong/amr_ws/install/amr_descriptions/share/amr_descriptions/worlds/models/aws_robomaker_residential_DeskPortraitB_01
[0.460s] -- Installing: /home/thuong/amr_ws/install/amr_descriptions/share/amr_descriptions/worlds/models/aws_robomaker_residential_DeskPortraitB_01/model.config
[0.460s] -- Installing: /home/thuong/amr_ws/install/amr_descriptions/share/amr_descriptions/worlds/models/aws_robomaker_residential_DeskPortraitB_01/model.sdf
[0.461s] -- Installing: /home/thuong/amr_ws/install/amr_descriptions/share/amr_descriptions/worlds/models/aws_robomaker_residential_DeskPortraitB_01/materials
[0.461s] -- Installing: /home/thuong/amr_ws/install/amr_descriptions/share/amr_descriptions/worlds/models/aws_robomaker_residential_DeskPortraitB_01/materials/textures
[0.461s] -- Installing: /home/thuong/amr_ws/install/amr_descriptions/share/amr_descriptions/worlds/models/aws_robomaker_residential_DeskPortraitB_01/materials/textures/aws_DeskPortraitB_01.png
[0.461s] -- Installing: /home/thuong/amr_ws/install/amr_descriptions/share/amr_descriptions/worlds/models/aws_robomaker_residential_DeskPortraitB_01/materials/textures/aws_DeskPortraitB_02.png
[0.461s] -- Installing: /home/thuong/amr_ws/install/amr_descriptions/share/amr_descriptions/worlds/models/aws_robomaker_residential_DeskPortraitB_01/meshes
[0.461s] -- Installing: /home/thuong/amr_ws/install/amr_descriptions/share/amr_descriptions/worlds/models/aws_robomaker_residential_DeskPortraitB_01/meshes/aws_DeskPortraitB_01_collision.DAE
[0.461s] -- Installing: /home/thuong/amr_ws/install/amr_descriptions/share/amr_descriptions/worlds/models/aws_robomaker_residential_DeskPortraitB_01/meshes/aws_DeskPortraitB_01_visual.DAE
[0.461s] -- Installing: /home/thuong/amr_ws/install/amr_descriptions/share/amr_descriptions/worlds/models/aws_robomaker_residential_PortraitE_02
[0.461s] -- Installing: /home/thuong/amr_ws/install/amr_descriptions/share/amr_descriptions/worlds/models/aws_robomaker_residential_PortraitE_02/model.config
[0.461s] -- Installing: /home/thuong/amr_ws/install/amr_descriptions/share/amr_descriptions/worlds/models/aws_robomaker_residential_PortraitE_02/model.sdf
[0.462s] -- Installing: /home/thuong/amr_ws/install/amr_descriptions/share/amr_descriptions/worlds/models/aws_robomaker_residential_PortraitE_02/materials
[0.462s] -- Installing: /home/thuong/amr_ws/install/amr_descriptions/share/amr_descriptions/worlds/models/aws_robomaker_residential_PortraitE_02/materials/textures
[0.462s] -- Installing: /home/thuong/amr_ws/install/amr_descriptions/share/amr_descriptions/worlds/models/aws_robomaker_residential_PortraitE_02/materials/textures/aws_PortraitE_01.png
[0.462s] -- Installing: /home/thuong/amr_ws/install/amr_descriptions/share/amr_descriptions/worlds/models/aws_robomaker_residential_PortraitE_02/materials/textures/aws_PortraitE_02.png
[0.465s] -- Installing: /home/thuong/amr_ws/install/amr_descriptions/share/amr_descriptions/worlds/models/aws_robomaker_residential_PortraitE_02/meshes
[0.465s] -- Installing: /home/thuong/amr_ws/install/amr_descriptions/share/amr_descriptions/worlds/models/aws_robomaker_residential_PortraitE_02/meshes/aws_PortraitE_01_collision.DAE
[0.465s] -- Installing: /home/thuong/amr_ws/install/amr_descriptions/share/amr_descriptions/worlds/models/aws_robomaker_residential_PortraitE_02/meshes/aws_PortraitE_01_visual.DAE
[0.465s] -- Installing: /home/thuong/amr_ws/install/amr_descriptions/share/amr_descriptions/worlds/models/aruco_5
[0.466s] -- Installing: /home/thuong/amr_ws/install/amr_descriptions/share/amr_descriptions/worlds/models/aruco_5/model.config
[0.466s] -- Installing: /home/thuong/amr_ws/install/amr_descriptions/share/amr_descriptions/worlds/models/aruco_5/model.sdf
[0.466s] -- Installing: /home/thuong/amr_ws/install/amr_descriptions/share/amr_descriptions/worlds/models/aruco_5/materials
[0.466s] -- Installing: /home/thuong/amr_ws/install/amr_descriptions/share/amr_descriptions/worlds/models/aruco_5/materials/textures
[0.466s] -- Installing: /home/thuong/amr_ws/install/amr_descriptions/share/amr_descriptions/worlds/models/aruco_5/materials/textures/aruco_5.png
[0.466s] -- Installing: /home/thuong/amr_ws/install/amr_descriptions/share/amr_descriptions/worlds/models/aws_robomaker_warehouse_GroundB_01
[0.467s] -- Installing: /home/thuong/amr_ws/install/amr_descriptions/share/amr_descriptions/worlds/models/aws_robomaker_warehouse_GroundB_01/model.config
[0.467s] -- Installing: /home/thuong/amr_ws/install/amr_descriptions/share/amr_descriptions/worlds/models/aws_robomaker_warehouse_GroundB_01/model.sdf
[0.467s] -- Installing: /home/thuong/amr_ws/install/amr_descriptions/share/amr_descriptions/worlds/models/aws_robomaker_warehouse_GroundB_01/materials
[0.467s] -- Installing: /home/thuong/amr_ws/install/amr_descriptions/share/amr_descriptions/worlds/models/aws_robomaker_warehouse_GroundB_01/materials/textures
[0.467s] -- Installing: /home/thuong/amr_ws/install/amr_descriptions/share/amr_descriptions/worlds/models/aws_robomaker_warehouse_GroundB_01/materials/textures/aws_robomaker_warehouse_GroundB_01.png
[0.473s] -- Installing: /home/thuong/amr_ws/install/amr_descriptions/share/amr_descriptions/worlds/models/aws_robomaker_warehouse_GroundB_01/materials/textures/aws_robomaker_warehouse_GroundB_02.png
[0.473s] -- Installing: /home/thuong/amr_ws/install/amr_descriptions/share/amr_descriptions/worlds/models/aws_robomaker_warehouse_GroundB_01/meshes
[0.473s] -- Installing: /home/thuong/amr_ws/install/amr_descriptions/share/amr_descriptions/worlds/models/aws_robomaker_warehouse_GroundB_01/meshes/aws_robomaker_warehouse_GroundB_01_visual.DAE
[0.474s] -- Installing: /home/thuong/amr_ws/install/amr_descriptions/share/amr_descriptions/worlds/models/aws_robomaker_warehouse_GroundB_01/meshes/aws_robomaker_warehouse_GroundB_01_collision.DAE
[0.474s] -- Installing: /home/thuong/amr_ws/install/amr_descriptions/share/amr_descriptions/worlds/models/aws_robomaker_residential_Wardrobe_01
[0.474s] -- Installing: /home/thuong/amr_ws/install/amr_descriptions/share/amr_descriptions/worlds/models/aws_robomaker_residential_Wardrobe_01/model.config
[0.474s] -- Installing: /home/thuong/amr_ws/install/amr_descriptions/share/amr_descriptions/worlds/models/aws_robomaker_residential_Wardrobe_01/model.sdf
[0.474s] -- Installing: /home/thuong/amr_ws/install/amr_descriptions/share/amr_descriptions/worlds/models/aws_robomaker_residential_Wardrobe_01/materials
[0.474s] -- Installing: /home/thuong/amr_ws/install/amr_descriptions/share/amr_descriptions/worlds/models/aws_robomaker_residential_Wardrobe_01/materials/textures
[0.474s] -- Installing: /home/thuong/amr_ws/install/amr_descriptions/share/amr_descriptions/worlds/models/aws_robomaker_residential_Wardrobe_01/materials/textures/aws_Wardrobe_01.png
[0.477s] -- Installing: /home/thuong/amr_ws/install/amr_descriptions/share/amr_descriptions/worlds/models/aws_robomaker_residential_Wardrobe_01/meshes
[0.478s] -- Installing: /home/thuong/amr_ws/install/amr_descriptions/share/amr_descriptions/worlds/models/aws_robomaker_residential_Wardrobe_01/meshes/aws_Wardrobe_01_collision.DAE
[0.478s] -- Installing: /home/thuong/amr_ws/install/amr_descriptions/share/amr_descriptions/worlds/models/aws_robomaker_residential_Wardrobe_01/meshes/aws_Wardrobe_01_visual.DAE
[0.478s] -- Installing: /home/thuong/amr_ws/install/amr_descriptions/share/amr_descriptions/worlds/models/aws_robomaker_residential_FoldingDoor_02
[0.478s] -- Installing: /home/thuong/amr_ws/install/amr_descriptions/share/amr_descriptions/worlds/models/aws_robomaker_residential_FoldingDoor_02/model.config
[0.479s] -- Installing: /home/thuong/amr_ws/install/amr_descriptions/share/amr_descriptions/worlds/models/aws_robomaker_residential_FoldingDoor_02/model.sdf
[0.479s] -- Installing: /home/thuong/amr_ws/install/amr_descriptions/share/amr_descriptions/worlds/models/aws_robomaker_residential_FoldingDoor_02/materials
[0.479s] -- Installing: /home/thuong/amr_ws/install/amr_descriptions/share/amr_descriptions/worlds/models/aws_robomaker_residential_FoldingDoor_02/materials/textures
[0.479s] -- Installing: /home/thuong/amr_ws/install/amr_descriptions/share/amr_descriptions/worlds/models/aws_robomaker_residential_FoldingDoor_02/materials/textures/aws_FoldingDoor_02.png
[0.479s] -- Installing: /home/thuong/amr_ws/install/amr_descriptions/share/amr_descriptions/worlds/models/aws_robomaker_residential_FoldingDoor_02/meshes
[0.479s] -- Installing: /home/thuong/amr_ws/install/amr_descriptions/share/amr_descriptions/worlds/models/aws_robomaker_residential_FoldingDoor_02/meshes/aws_FoldingDoor_02_visual.DAE
[0.480s] -- Installing: /home/thuong/amr_ws/install/amr_descriptions/share/amr_descriptions/worlds/models/aws_robomaker_residential_FoldingDoor_02/meshes/aws_FoldingDoor_02_collision.DAE
[0.480s] -- Installing: /home/thuong/amr_ws/install/amr_descriptions/share/amr_descriptions/worlds/models/aws_robomaker_residential_PortraitB_03
[0.480s] -- Installing: /home/thuong/amr_ws/install/amr_descriptions/share/amr_descriptions/worlds/models/aws_robomaker_residential_PortraitB_03/model.config
[0.487s] -- Installing: /home/thuong/amr_ws/install/amr_descriptions/share/amr_descriptions/worlds/models/aws_robomaker_residential_PortraitB_03/model.sdf
[0.487s] -- Installing: /home/thuong/amr_ws/install/amr_descriptions/share/amr_descriptions/worlds/models/aws_robomaker_residential_PortraitB_03/materials
[0.488s] -- Installing: /home/thuong/amr_ws/install/amr_descriptions/share/amr_descriptions/worlds/models/aws_robomaker_residential_PortraitB_03/materials/textures
[0.488s] -- Installing: /home/thuong/amr_ws/install/amr_descriptions/share/amr_descriptions/worlds/models/aws_robomaker_residential_PortraitB_03/materials/textures/aws_PortraitB_01.png
[0.488s] -- Installing: /home/thuong/amr_ws/install/amr_descriptions/share/amr_descriptions/worlds/models/aws_robomaker_residential_PortraitB_03/materials/textures/aws_PortraitB_02.png
[0.488s] -- Installing: /home/thuong/amr_ws/install/amr_descriptions/share/amr_descriptions/worlds/models/aws_robomaker_residential_PortraitB_03/meshes
[0.488s] -- Installing: /home/thuong/amr_ws/install/amr_descriptions/share/amr_descriptions/worlds/models/aws_robomaker_residential_PortraitB_03/meshes/aws_PortraitB_01_visual.DAE
[0.488s] -- Installing: /home/thuong/amr_ws/install/amr_descriptions/share/amr_descriptions/worlds/models/aws_robomaker_residential_PortraitB_03/meshes/aws_PortraitB_01_collision.DAE
[0.488s] -- Installing: /home/thuong/amr_ws/install/amr_descriptions/share/amr_descriptions/worlds/models/aws_robomaker_residential_CoffeeTable_01
[0.488s] -- Installing: /home/thuong/amr_ws/install/amr_descriptions/share/amr_descriptions/worlds/models/aws_robomaker_residential_CoffeeTable_01/model.config
[0.488s] -- Installing: /home/thuong/amr_ws/install/amr_descriptions/share/amr_descriptions/worlds/models/aws_robomaker_residential_CoffeeTable_01/model.sdf
[0.488s] -- Installing: /home/thuong/amr_ws/install/amr_descriptions/share/amr_descriptions/worlds/models/aws_robomaker_residential_CoffeeTable_01/materials
[0.488s] -- Installing: /home/thuong/amr_ws/install/amr_descriptions/share/amr_descriptions/worlds/models/aws_robomaker_residential_CoffeeTable_01/materials/textures
[0.489s] -- Installing: /home/thuong/amr_ws/install/amr_descriptions/share/amr_descriptions/worlds/models/aws_robomaker_residential_CoffeeTable_01/materials/textures/aws_CoffeeTable_01.png
[0.489s] -- Installing: /home/thuong/amr_ws/install/amr_descriptions/share/amr_descriptions/worlds/models/aws_robomaker_residential_CoffeeTable_01/meshes
[0.489s] -- Installing: /home/thuong/amr_ws/install/amr_descriptions/share/amr_descriptions/worlds/models/aws_robomaker_residential_CoffeeTable_01/meshes/aws_CoffeeTable_01_collision.DAE
[0.489s] -- Installing: /home/thuong/amr_ws/install/amr_descriptions/share/amr_descriptions/worlds/models/aws_robomaker_residential_CoffeeTable_01/meshes/aws_CoffeeTable_01_visual.DAE
[0.489s] -- Installing: /home/thuong/amr_ws/install/amr_descriptions/share/amr_descriptions/worlds/models/aws_robomaker_residential_ChairA_01
[0.489s] -- Installing: /home/thuong/amr_ws/install/amr_descriptions/share/amr_descriptions/worlds/models/aws_robomaker_residential_ChairA_01/model.config
[0.489s] -- Installing: /home/thuong/amr_ws/install/amr_descriptions/share/amr_descriptions/worlds/models/aws_robomaker_residential_ChairA_01/model.sdf
[0.489s] -- Installing: /home/thuong/amr_ws/install/amr_descriptions/share/amr_descriptions/worlds/models/aws_robomaker_residential_ChairA_01/materials
[0.489s] -- Installing: /home/thuong/amr_ws/install/amr_descriptions/share/amr_descriptions/worlds/models/aws_robomaker_residential_ChairA_01/materials/textures
[0.489s] -- Installing: /home/thuong/amr_ws/install/amr_descriptions/share/amr_descriptions/worlds/models/aws_robomaker_residential_ChairA_01/materials/textures/aws_ChairA_01.png
[0.490s] -- Installing: /home/thuong/amr_ws/install/amr_descriptions/share/amr_descriptions/worlds/models/aws_robomaker_residential_ChairA_01/meshes
[0.490s] -- Installing: /home/thuong/amr_ws/install/amr_descriptions/share/amr_descriptions/worlds/models/aws_robomaker_residential_ChairA_01/meshes/aws_ChairA_01_visual.DAE
[0.493s] -- Installing: /home/thuong/amr_ws/install/amr_descriptions/share/amr_descriptions/worlds/models/aws_robomaker_residential_ChairA_01/meshes/aws_ChairA_01_collision.DAE
[0.493s] -- Installing: /home/thuong/amr_ws/install/amr_descriptions/share/amr_descriptions/worlds/models/aws_robomaker_residential_PortraitE_01
[0.493s] -- Installing: /home/thuong/amr_ws/install/amr_descriptions/share/amr_descriptions/worlds/models/aws_robomaker_residential_PortraitE_01/model.config
[0.494s] -- Installing: /home/thuong/amr_ws/install/amr_descriptions/share/amr_descriptions/worlds/models/aws_robomaker_residential_PortraitE_01/model.sdf
[0.494s] -- Installing: /home/thuong/amr_ws/install/amr_descriptions/share/amr_descriptions/worlds/models/aws_robomaker_residential_PortraitE_01/materials
[0.494s] -- Installing: /home/thuong/amr_ws/install/amr_descriptions/share/amr_descriptions/worlds/models/aws_robomaker_residential_PortraitE_01/materials/textures
[0.497s] -- Installing: /home/thuong/amr_ws/install/amr_descriptions/share/amr_descriptions/worlds/models/aws_robomaker_residential_PortraitE_01/materials/textures/aws_PortraitE_01.png
[0.497s] -- Installing: /home/thuong/amr_ws/install/amr_descriptions/share/amr_descriptions/worlds/models/aws_robomaker_residential_PortraitE_01/materials/textures/aws_PortraitE_02.png
[0.497s] -- Installing: /home/thuong/amr_ws/install/amr_descriptions/share/amr_descriptions/worlds/models/aws_robomaker_residential_PortraitE_01/meshes
[0.498s] -- Installing: /home/thuong/amr_ws/install/amr_descriptions/share/amr_descriptions/worlds/models/aws_robomaker_residential_PortraitE_01/meshes/aws_PortraitE_01_collision.DAE
[0.498s] -- Installing: /home/thuong/amr_ws/install/amr_descriptions/share/amr_descriptions/worlds/models/aws_robomaker_residential_PortraitE_01/meshes/aws_PortraitE_01_visual.DAE
[0.498s] -- Installing: /home/thuong/amr_ws/install/amr_descriptions/share/amr_descriptions/worlds/models/aruco_0
[0.498s] -- Installing: /home/thuong/amr_ws/install/amr_descriptions/share/amr_descriptions/worlds/models/aruco_0/model.config
[0.498s] -- Installing: /home/thuong/amr_ws/install/amr_descriptions/share/amr_descriptions/worlds/models/aruco_0/model.sdf
[0.498s] -- Installing: /home/thuong/amr_ws/install/amr_descriptions/share/amr_descriptions/worlds/models/aruco_0/materials
[0.498s] -- Installing: /home/thuong/amr_ws/install/amr_descriptions/share/amr_descriptions/worlds/models/aruco_0/materials/textures
[0.498s] -- Installing: /home/thuong/amr_ws/install/amr_descriptions/share/amr_descriptions/worlds/models/aruco_0/materials/textures/aruco_0.png
[0.498s] -- Installing: /home/thuong/amr_ws/install/amr_descriptions/share/amr_descriptions/worlds/models/aws_robomaker_residential_Rangehood_01
[0.498s] -- Installing: /home/thuong/amr_ws/install/amr_descriptions/share/amr_descriptions/worlds/models/aws_robomaker_residential_Rangehood_01/model.config
[0.499s] -- Installing: /home/thuong/amr_ws/install/amr_descriptions/share/amr_descriptions/worlds/models/aws_robomaker_residential_Rangehood_01/model.sdf
[0.499s] -- Installing: /home/thuong/amr_ws/install/amr_descriptions/share/amr_descriptions/worlds/models/aws_robomaker_residential_Rangehood_01/materials
[0.499s] -- Installing: /home/thuong/amr_ws/install/amr_descriptions/share/amr_descriptions/worlds/models/aws_robomaker_residential_Rangehood_01/materials/textures
[0.499s] -- Installing: /home/thuong/amr_ws/install/amr_descriptions/share/amr_descriptions/worlds/models/aws_robomaker_residential_Rangehood_01/materials/textures/aws_Rangehood_01.png
[0.499s] -- Installing: /home/thuong/amr_ws/install/amr_descriptions/share/amr_descriptions/worlds/models/aws_robomaker_residential_Rangehood_01/meshes
[0.499s] -- Installing: /home/thuong/amr_ws/install/amr_descriptions/share/amr_descriptions/worlds/models/aws_robomaker_residential_Rangehood_01/meshes/aws_Rangehood_01_visual.DAE
[0.501s] -- Installing: /home/thuong/amr_ws/install/amr_descriptions/share/amr_descriptions/worlds/models/aws_robomaker_residential_Rangehood_01/meshes/aws_Rangehood_01_collision.DAE
[0.501s] -- Installing: /home/thuong/amr_ws/install/amr_descriptions/share/amr_descriptions/worlds/models/aws_robomaker_residential_ShoeRack_01
[0.501s] -- Installing: /home/thuong/amr_ws/install/amr_descriptions/share/amr_descriptions/worlds/models/aws_robomaker_residential_ShoeRack_01/model.config
[0.501s] -- Installing: /home/thuong/amr_ws/install/amr_descriptions/share/amr_descriptions/worlds/models/aws_robomaker_residential_ShoeRack_01/model.sdf
[0.501s] -- Installing: /home/thuong/amr_ws/install/amr_descriptions/share/amr_descriptions/worlds/models/aws_robomaker_residential_ShoeRack_01/materials
[0.501s] -- Installing: /home/thuong/amr_ws/install/amr_descriptions/share/amr_descriptions/worlds/models/aws_robomaker_residential_ShoeRack_01/materials/textures
[0.501s] -- Installing: /home/thuong/amr_ws/install/amr_descriptions/share/amr_descriptions/worlds/models/aws_robomaker_residential_ShoeRack_01/materials/textures/aws_ShoeRack_01.png
[0.501s] -- Installing: /home/thuong/amr_ws/install/amr_descriptions/share/amr_descriptions/worlds/models/aws_robomaker_residential_ShoeRack_01/meshes
[0.502s] -- Installing: /home/thuong/amr_ws/install/amr_descriptions/share/amr_descriptions/worlds/models/aws_robomaker_residential_ShoeRack_01/meshes/aws_ShoeRack_01_collision.DAE
[0.502s] -- Installing: /home/thuong/amr_ws/install/amr_descriptions/share/amr_descriptions/worlds/models/aws_robomaker_residential_ShoeRack_01/meshes/aws_ShoeRack_01_visual.DAE
[0.502s] -- Installing: /home/thuong/amr_ws/install/amr_descriptions/share/amr_descriptions/worlds/models/aws_robomaker_residential_ChairD_01
[0.502s] -- Installing: /home/thuong/amr_ws/install/amr_descriptions/share/amr_descriptions/worlds/models/aws_robomaker_residential_ChairD_01/model.config
[0.502s] -- Installing: /home/thuong/amr_ws/install/amr_descriptions/share/amr_descriptions/worlds/models/aws_robomaker_residential_ChairD_01/model.sdf
[0.504s] -- Installing: /home/thuong/amr_ws/install/amr_descriptions/share/amr_descriptions/worlds/models/aws_robomaker_residential_ChairD_01/materials
[0.504s] -- Installing: /home/thuong/amr_ws/install/amr_descriptions/share/amr_descriptions/worlds/models/aws_robomaker_residential_ChairD_01/materials/textures
[0.504s] -- Installing: /home/thuong/amr_ws/install/amr_descriptions/share/amr_descriptions/worlds/models/aws_robomaker_residential_ChairD_01/materials/textures/aws_ChairD_01.png
[0.505s] -- Installing: /home/thuong/amr_ws/install/amr_descriptions/share/amr_descriptions/worlds/models/aws_robomaker_residential_ChairD_01/meshes
[0.505s] -- Installing: /home/thuong/amr_ws/install/amr_descriptions/share/amr_descriptions/worlds/models/aws_robomaker_residential_ChairD_01/meshes/aws_ChairD_01_collision.DAE
[0.505s] -- Installing: /home/thuong/amr_ws/install/amr_descriptions/share/amr_descriptions/worlds/models/aws_robomaker_residential_ChairD_01/meshes/aws_ChairD_01_visual.DAE
[0.505s] -- Installing: /home/thuong/amr_ws/install/amr_descriptions/share/amr_descriptions/worlds/models/aws_robomaker_residential_RoomCeiling_01
[0.505s] -- Installing: /home/thuong/amr_ws/install/amr_descriptions/share/amr_descriptions/worlds/models/aws_robomaker_residential_RoomCeiling_01/model.config
[0.505s] -- Installing: /home/thuong/amr_ws/install/amr_descriptions/share/amr_descriptions/worlds/models/aws_robomaker_residential_RoomCeiling_01/model.sdf
[0.505s] -- Installing: /home/thuong/amr_ws/install/amr_descriptions/share/amr_descriptions/worlds/models/aws_robomaker_residential_RoomCeiling_01/materials
[0.505s] -- Installing: /home/thuong/amr_ws/install/amr_descriptions/share/amr_descriptions/worlds/models/aws_robomaker_residential_RoomCeiling_01/materials/textures
[0.505s] -- Installing: /home/thuong/amr_ws/install/amr_descriptions/share/amr_descriptions/worlds/models/aws_robomaker_residential_RoomCeiling_01/materials/textures/aws_RoomCeiling_01.png
[0.505s] -- Installing: /home/thuong/amr_ws/install/amr_descriptions/share/amr_descriptions/worlds/models/aws_robomaker_residential_RoomCeiling_01/meshes
[0.506s] -- Installing: /home/thuong/amr_ws/install/amr_descriptions/share/amr_descriptions/worlds/models/aws_robomaker_residential_RoomCeiling_01/meshes/aws_RoomCeiling_01_visual.DAE
[0.506s] -- Installing: /home/thuong/amr_ws/install/amr_descriptions/share/amr_descriptions/worlds/models/aws_robomaker_residential_RoomCeiling_01/meshes/aws_RoomCeiling_01_collision.DAE
[0.506s] -- Installing: /home/thuong/amr_ws/install/amr_descriptions/share/amr_descriptions/worlds/models/aws_robomaker_warehouse_DeskC_01
[0.506s] -- Installing: /home/thuong/amr_ws/install/amr_descriptions/share/amr_descriptions/worlds/models/aws_robomaker_warehouse_DeskC_01/model.config
[0.506s] -- Installing: /home/thuong/amr_ws/install/amr_descriptions/share/amr_descriptions/worlds/models/aws_robomaker_warehouse_DeskC_01/model.sdf
[0.506s] -- Installing: /home/thuong/amr_ws/install/amr_descriptions/share/amr_descriptions/worlds/models/aws_robomaker_warehouse_DeskC_01/materials
[0.506s] -- Installing: /home/thuong/amr_ws/install/amr_descriptions/share/amr_descriptions/worlds/models/aws_robomaker_warehouse_DeskC_01/materials/textures
[0.507s] -- Installing: /home/thuong/amr_ws/install/amr_descriptions/share/amr_descriptions/worlds/models/aws_robomaker_warehouse_DeskC_01/materials/textures/aws_robomaker_warehouse_DeskC_03.psd
[0.510s] -- Installing: /home/thuong/amr_ws/install/amr_descriptions/share/amr_descriptions/worlds/models/aws_robomaker_warehouse_DeskC_01/materials/textures/aws_robomaker_warehouse_DeskC_02.png
[0.511s] -- Installing: /home/thuong/amr_ws/install/amr_descriptions/share/amr_descriptions/worlds/models/aws_robomaker_warehouse_DeskC_01/materials/textures/aws_robomaker_warehouse_DeskC_04.png
[0.511s] -- Installing: /home/thuong/amr_ws/install/amr_descriptions/share/amr_descriptions/worlds/models/aws_robomaker_warehouse_DeskC_01/materials/textures/aws_robomaker_warehouse_DeskC_01.png
[0.512s] -- Installing: /home/thuong/amr_ws/install/amr_descriptions/share/amr_descriptions/worlds/models/aws_robomaker_warehouse_DeskC_01/materials/textures/aws_robomaker_warehouse_DeskC_03.png
[0.513s] -- Installing: /home/thuong/amr_ws/install/amr_descriptions/share/amr_descriptions/worlds/models/aws_robomaker_warehouse_DeskC_01/materials/.DS_Store
[0.513s] -- Installing: /home/thuong/amr_ws/install/amr_descriptions/share/amr_descriptions/worlds/models/aws_robomaker_warehouse_DeskC_01/meshes
[0.513s] -- Installing: /home/thuong/amr_ws/install/amr_descriptions/share/amr_descriptions/worlds/models/aws_robomaker_warehouse_DeskC_01/meshes/aws_robomaker_warehouse_DeskC_01_collision.DAE
[0.514s] -- Installing: /home/thuong/amr_ws/install/amr_descriptions/share/amr_descriptions/worlds/models/aws_robomaker_warehouse_DeskC_01/meshes/aws_robomaker_warehouse_DeskC_01_visual.DAE
[0.514s] -- Installing: /home/thuong/amr_ws/install/amr_descriptions/share/amr_descriptions/worlds/models/aws_robomaker_residential_TV_01
[0.514s] -- Installing: /home/thuong/amr_ws/install/amr_descriptions/share/amr_descriptions/worlds/models/aws_robomaker_residential_TV_01/model.config
[0.515s] -- Installing: /home/thuong/amr_ws/install/amr_descriptions/share/amr_descriptions/worlds/models/aws_robomaker_residential_TV_01/model.sdf
[0.515s] -- Installing: /home/thuong/amr_ws/install/amr_descriptions/share/amr_descriptions/worlds/models/aws_robomaker_residential_TV_01/materials
[0.515s] -- Installing: /home/thuong/amr_ws/install/amr_descriptions/share/amr_descriptions/worlds/models/aws_robomaker_residential_TV_01/materials/textures
[0.515s] -- Installing: /home/thuong/amr_ws/install/amr_descriptions/share/amr_descriptions/worlds/models/aws_robomaker_residential_TV_01/materials/textures/aws_TV_01.png
[0.517s] -- Installing: /home/thuong/amr_ws/install/amr_descriptions/share/amr_descriptions/worlds/models/aws_robomaker_residential_TV_01/meshes
[0.517s] -- Installing: /home/thuong/amr_ws/install/amr_descriptions/share/amr_descriptions/worlds/models/aws_robomaker_residential_TV_01/meshes/aws_TV_01_visual.DAE
[0.517s] -- Installing: /home/thuong/amr_ws/install/amr_descriptions/share/amr_descriptions/worlds/models/aws_robomaker_residential_TV_01/meshes/aws_TV_01_collision.DAE
[0.517s] -- Installing: /home/thuong/amr_ws/install/amr_descriptions/share/amr_descriptions/worlds/models/aws_robomaker_warehouse_Lamp_01
[0.519s] -- Installing: /home/thuong/amr_ws/install/amr_descriptions/share/amr_descriptions/worlds/models/aws_robomaker_warehouse_Lamp_01/model.config
[0.520s] -- Installing: /home/thuong/amr_ws/install/amr_descriptions/share/amr_descriptions/worlds/models/aws_robomaker_warehouse_Lamp_01/model.sdf
[0.520s] -- Installing: /home/thuong/amr_ws/install/amr_descriptions/share/amr_descriptions/worlds/models/aws_robomaker_warehouse_Lamp_01/materials
[0.520s] -- Installing: /home/thuong/amr_ws/install/amr_descriptions/share/amr_descriptions/worlds/models/aws_robomaker_warehouse_Lamp_01/materials/textures
[0.520s] -- Installing: /home/thuong/amr_ws/install/amr_descriptions/share/amr_descriptions/worlds/models/aws_robomaker_warehouse_Lamp_01/materials/textures/aws_robomaker_warehouse_Lamp_01.png
[0.520s] -- Installing: /home/thuong/amr_ws/install/amr_descriptions/share/amr_descriptions/worlds/models/aws_robomaker_warehouse_Lamp_01/meshes
[0.521s] -- Installing: /home/thuong/amr_ws/install/amr_descriptions/share/amr_descriptions/worlds/models/aws_robomaker_warehouse_Lamp_01/meshes/aws_robomaker_warehouse_Lamp_01_collision.DAE
[0.521s] -- Installing: /home/thuong/amr_ws/install/amr_descriptions/share/amr_descriptions/worlds/models/aws_robomaker_warehouse_Lamp_01/meshes/aws_robomaker_warehouse_Lamp_01_visual.DAE
[0.521s] -- Installing: /home/thuong/amr_ws/install/amr_descriptions/share/amr_descriptions/worlds/models/aws_robomaker_residential_PortraitA_02
[0.521s] -- Installing: /home/thuong/amr_ws/install/amr_descriptions/share/amr_descriptions/worlds/models/aws_robomaker_residential_PortraitA_02/model.config
[0.521s] -- Installing: /home/thuong/amr_ws/install/amr_descriptions/share/amr_descriptions/worlds/models/aws_robomaker_residential_PortraitA_02/model.sdf
[0.523s] -- Installing: /home/thuong/amr_ws/install/amr_descriptions/share/amr_descriptions/worlds/models/aws_robomaker_residential_PortraitA_02/materials
[0.523s] -- Installing: /home/thuong/amr_ws/install/amr_descriptions/share/amr_descriptions/worlds/models/aws_robomaker_residential_PortraitA_02/materials/textures
[0.523s] -- Installing: /home/thuong/amr_ws/install/amr_descriptions/share/amr_descriptions/worlds/models/aws_robomaker_residential_PortraitA_02/materials/textures/aws_PortraitA_02.png
[0.523s] -- Installing: /home/thuong/amr_ws/install/amr_descriptions/share/amr_descriptions/worlds/models/aws_robomaker_residential_PortraitA_02/materials/textures/aws_PortraitA_01.png
[0.524s] -- Installing: /home/thuong/amr_ws/install/amr_descriptions/share/amr_descriptions/worlds/models/aws_robomaker_residential_PortraitA_02/meshes
[0.524s] -- Installing: /home/thuong/amr_ws/install/amr_descriptions/share/amr_descriptions/worlds/models/aws_robomaker_residential_PortraitA_02/meshes/aws_PortraitA_01_visual.DAE
[0.524s] -- Installing: /home/thuong/amr_ws/install/amr_descriptions/share/amr_descriptions/worlds/models/aws_robomaker_residential_PortraitA_02/meshes/aws_PortraitA_01_collision.DAE
[0.524s] -- Installing: /home/thuong/amr_ws/install/amr_descriptions/share/amr_descriptions/worlds/models/aws_robomaker_warehouse_TrashCanC_01
[0.524s] -- Installing: /home/thuong/amr_ws/install/amr_descriptions/share/amr_descriptions/worlds/models/aws_robomaker_warehouse_TrashCanC_01/model.config
[0.524s] -- Installing: /home/thuong/amr_ws/install/amr_descriptions/share/amr_descriptions/worlds/models/aws_robomaker_warehouse_TrashCanC_01/model.sdf
[0.524s] -- Installing: /home/thuong/amr_ws/install/amr_descriptions/share/amr_descriptions/worlds/models/aws_robomaker_warehouse_TrashCanC_01/materials
[0.525s] -- Installing: /home/thuong/amr_ws/install/amr_descriptions/share/amr_descriptions/worlds/models/aws_robomaker_warehouse_TrashCanC_01/materials/textures
[0.525s] -- Installing: /home/thuong/amr_ws/install/amr_descriptions/share/amr_descriptions/worlds/models/aws_robomaker_warehouse_TrashCanC_01/materials/textures/aws_robomaker_warehouse_TrashCanC_01.png
[0.526s] -- Installing: /home/thuong/amr_ws/install/amr_descriptions/share/amr_descriptions/worlds/models/aws_robomaker_warehouse_TrashCanC_01/meshes
[0.526s] -- Installing: /home/thuong/amr_ws/install/amr_descriptions/share/amr_descriptions/worlds/models/aws_robomaker_warehouse_TrashCanC_01/meshes/aws_robomaker_warehouse_TrashCanC_01_visual.DAE
[0.526s] -- Installing: /home/thuong/amr_ws/install/amr_descriptions/share/amr_descriptions/worlds/models/aws_robomaker_warehouse_TrashCanC_01/meshes/aws_robomaker_warehouse_TrashCanC_01_collision.DAE
[0.526s] -- Installing: /home/thuong/amr_ws/install/amr_descriptions/share/amr_descriptions/worlds/models/aws_robomaker_warehouse_Bucket_01
[0.526s] -- Installing: /home/thuong/amr_ws/install/amr_descriptions/share/amr_descriptions/worlds/models/aws_robomaker_warehouse_Bucket_01/model.config
[0.527s] -- Installing: /home/thuong/amr_ws/install/amr_descriptions/share/amr_descriptions/worlds/models/aws_robomaker_warehouse_Bucket_01/.DS_Store
[0.527s] -- Installing: /home/thuong/amr_ws/install/amr_descriptions/share/amr_descriptions/worlds/models/aws_robomaker_warehouse_Bucket_01/model.sdf
[0.527s] -- Installing: /home/thuong/amr_ws/install/amr_descriptions/share/amr_descriptions/worlds/models/aws_robomaker_warehouse_Bucket_01/materials
[0.527s] -- Installing: /home/thuong/amr_ws/install/amr_descriptions/share/amr_descriptions/worlds/models/aws_robomaker_warehouse_Bucket_01/materials/textures
[0.527s] -- Installing: /home/thuong/amr_ws/install/amr_descriptions/share/amr_descriptions/worlds/models/aws_robomaker_warehouse_Bucket_01/materials/textures/aws_robomaker_warehouse_Bucket_01.png
[0.527s] -- Installing: /home/thuong/amr_ws/install/amr_descriptions/share/amr_descriptions/worlds/models/aws_robomaker_warehouse_Bucket_01/materials/.DS_Store
[0.528s] -- Installing: /home/thuong/amr_ws/install/amr_descriptions/share/amr_descriptions/worlds/models/aws_robomaker_warehouse_Bucket_01/meshes
[0.528s] -- Installing: /home/thuong/amr_ws/install/amr_descriptions/share/amr_descriptions/worlds/models/aws_robomaker_warehouse_Bucket_01/meshes/aws_robomaker_warehouse_Bucket_01_collision.DAE
[0.528s] -- Installing: /home/thuong/amr_ws/install/amr_descriptions/share/amr_descriptions/worlds/models/aws_robomaker_warehouse_Bucket_01/meshes/aws_robomaker_warehouse_Bucket_01_visual.DAE
[0.528s] -- Installing: /home/thuong/amr_ws/install/amr_descriptions/share/amr_descriptions/worlds/models/aws_robomaker_residential_DeskPortraitD_03
[0.528s] -- Installing: /home/thuong/amr_ws/install/amr_descriptions/share/amr_descriptions/worlds/models/aws_robomaker_residential_DeskPortraitD_03/model.config
[0.529s] -- Installing: /home/thuong/amr_ws/install/amr_descriptions/share/amr_descriptions/worlds/models/aws_robomaker_residential_DeskPortraitD_03/model.sdf
[0.529s] -- Installing: /home/thuong/amr_ws/install/amr_descriptions/share/amr_descriptions/worlds/models/aws_robomaker_residential_DeskPortraitD_03/materials
[0.529s] -- Installing: /home/thuong/amr_ws/install/amr_descriptions/share/amr_descriptions/worlds/models/aws_robomaker_residential_DeskPortraitD_03/materials/textures
[0.529s] -- Installing: /home/thuong/amr_ws/install/amr_descriptions/share/amr_descriptions/worlds/models/aws_robomaker_residential_DeskPortraitD_03/materials/textures/aws_DeskPortraitD_02.png
[0.531s] -- Installing: /home/thuong/amr_ws/install/amr_descriptions/share/amr_descriptions/worlds/models/aws_robomaker_residential_DeskPortraitD_03/materials/textures/aws_DeskPortraitD_01.png
[0.531s] -- Installing: /home/thuong/amr_ws/install/amr_descriptions/share/amr_descriptions/worlds/models/aws_robomaker_residential_DeskPortraitD_03/meshes
[0.532s] -- Installing: /home/thuong/amr_ws/install/amr_descriptions/share/amr_descriptions/worlds/models/aws_robomaker_residential_DeskPortraitD_03/meshes/aws_DeskPortraitD_01_collision.DAE
[0.532s] -- Installing: /home/thuong/amr_ws/install/amr_descriptions/share/amr_descriptions/worlds/models/aws_robomaker_residential_DeskPortraitD_03/meshes/aws_DeskPortraitD_01_visual.DAE
[0.532s] -- Installing: /home/thuong/amr_ws/install/amr_descriptions/share/amr_descriptions/worlds/models/aws_robomaker_residential_PortraitC_01
[0.534s] -- Installing: /home/thuong/amr_ws/install/amr_descriptions/share/amr_descriptions/worlds/models/aws_robomaker_residential_PortraitC_01/model.config
[0.534s] -- Installing: /home/thuong/amr_ws/install/amr_descriptions/share/amr_descriptions/worlds/models/aws_robomaker_residential_PortraitC_01/model.sdf
[0.534s] -- Installing: /home/thuong/amr_ws/install/amr_descriptions/share/amr_descriptions/worlds/models/aws_robomaker_residential_PortraitC_01/materials
[0.534s] -- Installing: /home/thuong/amr_ws/install/amr_descriptions/share/amr_descriptions/worlds/models/aws_robomaker_residential_PortraitC_01/materials/textures
[0.535s] -- Installing: /home/thuong/amr_ws/install/amr_descriptions/share/amr_descriptions/worlds/models/aws_robomaker_residential_PortraitC_01/materials/textures/aws_PortraitC_02.png
[0.535s] -- Installing: /home/thuong/amr_ws/install/amr_descriptions/share/amr_descriptions/worlds/models/aws_robomaker_residential_PortraitC_01/materials/textures/aws_PortraitC_01.png
[0.536s] -- Installing: /home/thuong/amr_ws/install/amr_descriptions/share/amr_descriptions/worlds/models/aws_robomaker_residential_PortraitC_01/meshes
[0.536s] -- Installing: /home/thuong/amr_ws/install/amr_descriptions/share/amr_descriptions/worlds/models/aws_robomaker_residential_PortraitC_01/meshes/aws_PortraitC_01_collision.DAE
[0.536s] -- Installing: /home/thuong/amr_ws/install/amr_descriptions/share/amr_descriptions/worlds/models/aws_robomaker_residential_PortraitC_01/meshes/aws_PortraitC_01_visual.DAE
[0.536s] -- Installing: /home/thuong/amr_ws/install/amr_descriptions/share/amr_descriptions/worlds/models/aws_robomaker_residential_DeskPortraitC_02
[0.536s] -- Installing: /home/thuong/amr_ws/install/amr_descriptions/share/amr_descriptions/worlds/models/aws_robomaker_residential_DeskPortraitC_02/model.config
[0.537s] -- Installing: /home/thuong/amr_ws/install/amr_descriptions/share/amr_descriptions/worlds/models/aws_robomaker_residential_DeskPortraitC_02/model.sdf
[0.537s] -- Installing: /home/thuong/amr_ws/install/amr_descriptions/share/amr_descriptions/worlds/models/aws_robomaker_residential_DeskPortraitC_02/materials
[0.537s] -- Installing: /home/thuong/amr_ws/install/amr_descriptions/share/amr_descriptions/worlds/models/aws_robomaker_residential_DeskPortraitC_02/materials/textures
[0.537s] -- Installing: /home/thuong/amr_ws/install/amr_descriptions/share/amr_descriptions/worlds/models/aws_robomaker_residential_DeskPortraitC_02/materials/textures/aws_DeskPortraitC_01.png
[0.537s] -- Installing: /home/thuong/amr_ws/install/amr_descriptions/share/amr_descriptions/worlds/models/aws_robomaker_residential_DeskPortraitC_02/materials/textures/aws_DeskPortraitC_02.png
[0.540s] -- Installing: /home/thuong/amr_ws/install/amr_descriptions/share/amr_descriptions/worlds/models/aws_robomaker_residential_DeskPortraitC_02/meshes
[0.541s] -- Installing: /home/thuong/amr_ws/install/amr_descriptions/share/amr_descriptions/worlds/models/aws_robomaker_residential_DeskPortraitC_02/meshes/aws_DeskPortraitC_01_visual.DAE
[0.541s] -- Installing: /home/thuong/amr_ws/install/amr_descriptions/share/amr_descriptions/worlds/models/aws_robomaker_residential_DeskPortraitC_02/meshes/aws_DeskPortraitC_01_collision.DAE
[0.541s] -- Installing: /home/thuong/amr_ws/install/amr_descriptions/share/amr_descriptions/worlds/models/aws_robomaker_residential_SofaC_01
[0.541s] -- Installing: /home/thuong/amr_ws/install/amr_descriptions/share/amr_descriptions/worlds/models/aws_robomaker_residential_SofaC_01/model.config
[0.542s] -- Installing: /home/thuong/amr_ws/install/amr_descriptions/share/amr_descriptions/worlds/models/aws_robomaker_residential_SofaC_01/model.sdf
[0.542s] -- Installing: /home/thuong/amr_ws/install/amr_descriptions/share/amr_descriptions/worlds/models/aws_robomaker_residential_SofaC_01/materials
[0.542s] -- Installing: /home/thuong/amr_ws/install/amr_descriptions/share/amr_descriptions/worlds/models/aws_robomaker_residential_SofaC_01/materials/textures
[0.542s] -- Installing: /home/thuong/amr_ws/install/amr_descriptions/share/amr_descriptions/worlds/models/aws_robomaker_residential_SofaC_01/materials/textures/aws_SofaC_01.png
[0.542s] -- Installing: /home/thuong/amr_ws/install/amr_descriptions/share/amr_descriptions/worlds/models/aws_robomaker_residential_SofaC_01/meshes
[0.542s] -- Installing: /home/thuong/amr_ws/install/amr_descriptions/share/amr_descriptions/worlds/models/aws_robomaker_residential_SofaC_01/meshes/aws_SofaC_01_collision.DAE
[0.542s] -- Installing: /home/thuong/amr_ws/install/amr_descriptions/share/amr_descriptions/worlds/models/aws_robomaker_residential_SofaC_01/meshes/aws_SofaC_01_visual.DAE
[0.544s] -- Installing: /home/thuong/amr_ws/install/amr_descriptions/share/amr_descriptions/worlds/models/aws_robomaker_residential_DeskPortraitA_02
[0.545s] -- Installing: /home/thuong/amr_ws/install/amr_descriptions/share/amr_descriptions/worlds/models/aws_robomaker_residential_DeskPortraitA_02/model.config
[0.545s] -- Installing: /home/thuong/amr_ws/install/amr_descriptions/share/amr_descriptions/worlds/models/aws_robomaker_residential_DeskPortraitA_02/model.sdf
[0.545s] -- Installing: /home/thuong/amr_ws/install/amr_descriptions/share/amr_descriptions/worlds/models/aws_robomaker_residential_DeskPortraitA_02/materials
[0.545s] -- Installing: /home/thuong/amr_ws/install/amr_descriptions/share/amr_descriptions/worlds/models/aws_robomaker_residential_DeskPortraitA_02/materials/textures
[0.545s] -- Installing: /home/thuong/amr_ws/install/amr_descriptions/share/amr_descriptions/worlds/models/aws_robomaker_residential_DeskPortraitA_02/materials/textures/aws_DeskPortraitA_01.png
[0.546s] -- Installing: /home/thuong/amr_ws/install/amr_descriptions/share/amr_descriptions/worlds/models/aws_robomaker_residential_DeskPortraitA_02/materials/textures/aws_DeskPortraitA_02.png
[0.547s] -- Installing: /home/thuong/amr_ws/install/amr_descriptions/share/amr_descriptions/worlds/models/aws_robomaker_residential_DeskPortraitA_02/meshes
[0.548s] -- Installing: /home/thuong/amr_ws/install/amr_descriptions/share/amr_descriptions/worlds/models/aws_robomaker_residential_DeskPortraitA_02/meshes/aws_DeskPortraitA_01_visual.DAE
[0.548s] -- Installing: /home/thuong/amr_ws/install/amr_descriptions/share/amr_descriptions/worlds/models/aws_robomaker_residential_DeskPortraitA_02/meshes/aws_DeskPortraitA_01_collision.DAE
[0.548s] -- Installing: /home/thuong/amr_ws/install/amr_descriptions/share/amr_descriptions/worlds/models/aws_robomaker_residential_FitnessEquipment_01
[0.549s] -- Installing: /home/thuong/amr_ws/install/amr_descriptions/share/amr_descriptions/worlds/models/aws_robomaker_residential_FitnessEquipment_01/model.config
[0.549s] -- Installing: /home/thuong/amr_ws/install/amr_descriptions/share/amr_descriptions/worlds/models/aws_robomaker_residential_FitnessEquipment_01/model.sdf
[0.549s] -- Installing: /home/thuong/amr_ws/install/amr_descriptions/share/amr_descriptions/worlds/models/aws_robomaker_residential_FitnessEquipment_01/materials
[0.550s] -- Installing: /home/thuong/amr_ws/install/amr_descriptions/share/amr_descriptions/worlds/models/aws_robomaker_residential_FitnessEquipment_01/materials/textures
[0.550s] -- Installing: /home/thuong/amr_ws/install/amr_descriptions/share/amr_descriptions/worlds/models/aws_robomaker_residential_FitnessEquipment_01/materials/textures/aws_FitnessEquipment_01.png
[0.550s] -- Installing: /home/thuong/amr_ws/install/amr_descriptions/share/amr_descriptions/worlds/models/aws_robomaker_residential_FitnessEquipment_01/meshes
[0.550s] -- Installing: /home/thuong/amr_ws/install/amr_descriptions/share/amr_descriptions/worlds/models/aws_robomaker_residential_FitnessEquipment_01/meshes/aws_FitnessEquipment_01_visual.DAE
[0.551s] -- Installing: /home/thuong/amr_ws/install/amr_descriptions/share/amr_descriptions/worlds/models/aws_robomaker_residential_FitnessEquipment_01/meshes/aws_FitnessEquipment_01_collision.DAE
[0.551s] -- Installing: /home/thuong/amr_ws/install/amr_descriptions/share/amr_descriptions/worlds/models/aws_robomaker_residential_KitchenTable_01
[0.551s] -- Installing: /home/thuong/amr_ws/install/amr_descriptions/share/amr_descriptions/worlds/models/aws_robomaker_residential_KitchenTable_01/model.config
[0.551s] -- Installing: /home/thuong/amr_ws/install/amr_descriptions/share/amr_descriptions/worlds/models/aws_robomaker_residential_KitchenTable_01/model.sdf
[0.551s] -- Installing: /home/thuong/amr_ws/install/amr_descriptions/share/amr_descriptions/worlds/models/aws_robomaker_residential_KitchenTable_01/materials
[0.551s] -- Installing: /home/thuong/amr_ws/install/amr_descriptions/share/amr_descriptions/worlds/models/aws_robomaker_residential_KitchenTable_01/materials/textures
[0.551s] -- Installing: /home/thuong/amr_ws/install/amr_descriptions/share/amr_descriptions/worlds/models/aws_robomaker_residential_KitchenTable_01/materials/textures/aws_KitchenTable_01.png
[0.554s] -- Installing: /home/thuong/amr_ws/install/amr_descriptions/share/amr_descriptions/worlds/models/aws_robomaker_residential_KitchenTable_01/meshes
[0.554s] -- Installing: /home/thuong/amr_ws/install/amr_descriptions/share/amr_descriptions/worlds/models/aws_robomaker_residential_KitchenTable_01/meshes/aws_KitchenTable_01_collision.DAE
[0.554s] -- Installing: /home/thuong/amr_ws/install/amr_descriptions/share/amr_descriptions/worlds/models/aws_robomaker_residential_KitchenTable_01/meshes/aws_KitchenTable_01_visual.DAE
[0.554s] -- Installing: /home/thuong/amr_ws/install/amr_descriptions/share/amr_descriptions/worlds/models/aws_robomaker_residential_Curtain_01
[0.555s] -- Installing: /home/thuong/amr_ws/install/amr_descriptions/share/amr_descriptions/worlds/models/aws_robomaker_residential_Curtain_01/model.config
[0.555s] -- Installing: /home/thuong/amr_ws/install/amr_descriptions/share/amr_descriptions/worlds/models/aws_robomaker_residential_Curtain_01/model.sdf
[0.555s] -- Installing: /home/thuong/amr_ws/install/amr_descriptions/share/amr_descriptions/worlds/models/aws_robomaker_residential_Curtain_01/materials
[0.555s] -- Installing: /home/thuong/amr_ws/install/amr_descriptions/share/amr_descriptions/worlds/models/aws_robomaker_residential_Curtain_01/materials/textures
[0.555s] -- Installing: /home/thuong/amr_ws/install/amr_descriptions/share/amr_descriptions/worlds/models/aws_robomaker_residential_Curtain_01/materials/textures/aws_Curtain_01.png
[0.556s] -- Installing: /home/thuong/amr_ws/install/amr_descriptions/share/amr_descriptions/worlds/models/aws_robomaker_residential_Curtain_01/meshes
[0.556s] -- Installing: /home/thuong/amr_ws/install/amr_descriptions/share/amr_descriptions/worlds/models/aws_robomaker_residential_Curtain_01/meshes/aws_Curtain_01_collision.DAE
[0.558s] -- Installing: /home/thuong/amr_ws/install/amr_descriptions/share/amr_descriptions/worlds/models/aws_robomaker_residential_Curtain_01/meshes/aws_Curtain_01_visual.DAE
[0.558s] -- Installing: /home/thuong/amr_ws/install/amr_descriptions/share/amr_descriptions/worlds/models/aws_robomaker_residential_Trash_01
[0.558s] -- Installing: /home/thuong/amr_ws/install/amr_descriptions/share/amr_descriptions/worlds/models/aws_robomaker_residential_Trash_01/model.config
[0.558s] -- Installing: /home/thuong/amr_ws/install/amr_descriptions/share/amr_descriptions/worlds/models/aws_robomaker_residential_Trash_01/model.sdf
[0.559s] -- Installing: /home/thuong/amr_ws/install/amr_descriptions/share/amr_descriptions/worlds/models/aws_robomaker_residential_Trash_01/materials
[0.559s] -- Installing: /home/thuong/amr_ws/install/amr_descriptions/share/amr_descriptions/worlds/models/aws_robomaker_residential_Trash_01/materials/textures
[0.559s] -- Installing: /home/thuong/amr_ws/install/amr_descriptions/share/amr_descriptions/worlds/models/aws_robomaker_residential_Trash_01/materials/textures/aws_Trash_01.png
[0.559s] -- Installing: /home/thuong/amr_ws/install/amr_descriptions/share/amr_descriptions/worlds/models/aws_robomaker_residential_Trash_01/meshes
[0.559s] -- Installing: /home/thuong/amr_ws/install/amr_descriptions/share/amr_descriptions/worlds/models/aws_robomaker_residential_Trash_01/meshes/aws_Trash_01_visual.DAE
[0.559s] -- Installing: /home/thuong/amr_ws/install/amr_descriptions/share/amr_descriptions/worlds/models/aws_robomaker_residential_Trash_01/meshes/aws_Trash_01_collision.DAE
[0.559s] -- Installing: /home/thuong/amr_ws/install/amr_descriptions/share/amr_descriptions/worlds/models/aws_robomaker_residential_Handle_01
[0.559s] -- Installing: /home/thuong/amr_ws/install/amr_descriptions/share/amr_descriptions/worlds/models/aws_robomaker_residential_Handle_01/model.config
[0.560s] -- Installing: /home/thuong/amr_ws/install/amr_descriptions/share/amr_descriptions/worlds/models/aws_robomaker_residential_Handle_01/model.sdf
[0.560s] -- Installing: /home/thuong/amr_ws/install/amr_descriptions/share/amr_descriptions/worlds/models/aws_robomaker_residential_Handle_01/materials
[0.560s] -- Installing: /home/thuong/amr_ws/install/amr_descriptions/share/amr_descriptions/worlds/models/aws_robomaker_residential_Handle_01/materials/textures
[0.560s] -- Installing: /home/thuong/amr_ws/install/amr_descriptions/share/amr_descriptions/worlds/models/aws_robomaker_residential_Handle_01/materials/textures/aws_Handle_01.png
[0.564s] -- Installing: /home/thuong/amr_ws/install/amr_descriptions/share/amr_descriptions/worlds/models/aws_robomaker_residential_Handle_01/meshes
[0.564s] -- Installing: /home/thuong/amr_ws/install/amr_descriptions/share/amr_descriptions/worlds/models/aws_robomaker_residential_Handle_01/meshes/aws_ handle_01_collision.DAE
[0.564s] -- Installing: /home/thuong/amr_ws/install/amr_descriptions/share/amr_descriptions/worlds/models/aws_robomaker_residential_Handle_01/meshes/aws_Handle_01_collision.DAE
[0.564s] -- Installing: /home/thuong/amr_ws/install/amr_descriptions/share/amr_descriptions/worlds/models/aws_robomaker_residential_Handle_01/meshes/aws_Handle_01_visual.DAE
[0.564s] -- Installing: /home/thuong/amr_ws/install/amr_descriptions/share/amr_descriptions/worlds/models/aws_robomaker_residential_SeasoningBox_01
[0.564s] -- Installing: /home/thuong/amr_ws/install/amr_descriptions/share/amr_descriptions/worlds/models/aws_robomaker_residential_SeasoningBox_01/model.config
[0.564s] -- Installing: /home/thuong/amr_ws/install/amr_descriptions/share/amr_descriptions/worlds/models/aws_robomaker_residential_SeasoningBox_01/model.sdf
[0.564s] -- Installing: /home/thuong/amr_ws/install/amr_descriptions/share/amr_descriptions/worlds/models/aws_robomaker_residential_SeasoningBox_01/materials
[0.564s] -- Installing: /home/thuong/amr_ws/install/amr_descriptions/share/amr_descriptions/worlds/models/aws_robomaker_residential_SeasoningBox_01/materials/textures
[0.565s] -- Installing: /home/thuong/amr_ws/install/amr_descriptions/share/amr_descriptions/worlds/models/aws_robomaker_residential_SeasoningBox_01/materials/textures/aws_SeasoningBox_01.png
[0.565s] -- Installing: /home/thuong/amr_ws/install/amr_descriptions/share/amr_descriptions/worlds/models/aws_robomaker_residential_SeasoningBox_01/meshes
[0.565s] -- Installing: /home/thuong/amr_ws/install/amr_descriptions/share/amr_descriptions/worlds/models/aws_robomaker_residential_SeasoningBox_01/meshes/aws_SeasoningBox_01_visual.DAE
[0.573s] -- Installing: /home/thuong/amr_ws/install/amr_descriptions/share/amr_descriptions/worlds/models/aws_robomaker_residential_SeasoningBox_01/meshes/aws_SeasoningBox_01_collision.DAE
[0.573s] -- Installing: /home/thuong/amr_ws/install/amr_descriptions/share/amr_descriptions/worlds/models/aws_robomaker_residential_KitchenCabinet_01
[0.574s] -- Installing: /home/thuong/amr_ws/install/amr_descriptions/share/amr_descriptions/worlds/models/aws_robomaker_residential_KitchenCabinet_01/model.config
[0.574s] -- Installing: /home/thuong/amr_ws/install/amr_descriptions/share/amr_descriptions/worlds/models/aws_robomaker_residential_KitchenCabinet_01/model.sdf
[0.574s] -- Installing: /home/thuong/amr_ws/install/amr_descriptions/share/amr_descriptions/worlds/models/aws_robomaker_residential_KitchenCabinet_01/materials
[0.574s] -- Installing: /home/thuong/amr_ws/install/amr_descriptions/share/amr_descriptions/worlds/models/aws_robomaker_residential_KitchenCabinet_01/materials/textures
[0.575s] -- Installing: /home/thuong/amr_ws/install/amr_descriptions/share/amr_descriptions/worlds/models/aws_robomaker_residential_KitchenCabinet_01/materials/textures/aws_KitchenCabinet_01.png
[0.575s] -- Installing: /home/thuong/amr_ws/install/amr_descriptions/share/amr_descriptions/worlds/models/aws_robomaker_residential_KitchenCabinet_01/meshes
[0.575s] -- Installing: /home/thuong/amr_ws/install/amr_descriptions/share/amr_descriptions/worlds/models/aws_robomaker_residential_KitchenCabinet_01/meshes/aws_KitchenCabinet_01_visual.DAE
[0.582s] -- Installing: /home/thuong/amr_ws/install/amr_descriptions/share/amr_descriptions/worlds/models/aws_robomaker_residential_KitchenCabinet_01/meshes/aws_KitchenCabinet_01_collision.DAE
[0.583s] -- Installing: /home/thuong/amr_ws/install/amr_descriptions/share/amr_descriptions/worlds/models/aws_robomaker_residential_Sofa_01
[0.588s] -- Installing: /home/thuong/amr_ws/install/amr_descriptions/share/amr_descriptions/worlds/models/aws_robomaker_residential_Sofa_01/model.config
[0.588s] -- Installing: /home/thuong/amr_ws/install/amr_descriptions/share/amr_descriptions/worlds/models/aws_robomaker_residential_Sofa_01/model.sdf
[0.588s] -- Installing: /home/thuong/amr_ws/install/amr_descriptions/share/amr_descriptions/worlds/models/aws_robomaker_residential_Sofa_01/materials
[0.588s] -- Installing: /home/thuong/amr_ws/install/amr_descriptions/share/amr_descriptions/worlds/models/aws_robomaker_residential_Sofa_01/materials/textures
[0.589s] -- Installing: /home/thuong/amr_ws/install/amr_descriptions/share/amr_descriptions/worlds/models/aws_robomaker_residential_Sofa_01/materials/textures/aws_Sofa_01.png
[0.589s] -- Installing: /home/thuong/amr_ws/install/amr_descriptions/share/amr_descriptions/worlds/models/aws_robomaker_residential_Sofa_01/meshes
[0.589s] -- Installing: /home/thuong/amr_ws/install/amr_descriptions/share/amr_descriptions/worlds/models/aws_robomaker_residential_Sofa_01/meshes/aws_Sofa_01.DAE
[0.593s] -- Installing: /home/thuong/amr_ws/install/amr_descriptions/share/amr_descriptions/worlds/models/aws_robomaker_residential_Sofa_01/meshes/aws_Sofa_01_collision.DAE
[0.594s] -- Installing: /home/thuong/amr_ws/install/amr_descriptions/share/amr_descriptions/worlds/models/aws_robomaker_residential_Sofa_01/meshes/aws_Sofa_01_visual.DAE
[0.609s] -- Installing: /home/thuong/amr_ws/install/amr_descriptions/share/amr_descriptions/worlds/models/aws_robomaker_residential_ReadingDesk_01
[0.609s] -- Installing: /home/thuong/amr_ws/install/amr_descriptions/share/amr_descriptions/worlds/models/aws_robomaker_residential_ReadingDesk_01/model.config
[0.609s] -- Installing: /home/thuong/amr_ws/install/amr_descriptions/share/amr_descriptions/worlds/models/aws_robomaker_residential_ReadingDesk_01/model.sdf
[0.609s] -- Installing: /home/thuong/amr_ws/install/amr_descriptions/share/amr_descriptions/worlds/models/aws_robomaker_residential_ReadingDesk_01/materials
[0.610s] -- Installing: /home/thuong/amr_ws/install/amr_descriptions/share/amr_descriptions/worlds/models/aws_robomaker_residential_ReadingDesk_01/materials/textures
[0.610s] -- Installing: /home/thuong/amr_ws/install/amr_descriptions/share/amr_descriptions/worlds/models/aws_robomaker_residential_ReadingDesk_01/materials/textures/aws_ReadingDesk_01.png
[0.626s] -- Installing: /home/thuong/amr_ws/install/amr_descriptions/share/amr_descriptions/worlds/models/aws_robomaker_residential_ReadingDesk_01/meshes
[0.626s] -- Installing: /home/thuong/amr_ws/install/amr_descriptions/share/amr_descriptions/worlds/models/aws_robomaker_residential_ReadingDesk_01/meshes/aws_ReadingDesk_01_visual.DAE
[0.626s] -- Installing: /home/thuong/amr_ws/install/amr_descriptions/share/amr_descriptions/worlds/models/aws_robomaker_residential_ReadingDesk_01/meshes/aws_ReadingDesk_01_collision.DAE
[0.627s] -- Installing: /home/thuong/amr_ws/install/amr_descriptions/share/amr_descriptions/worlds/models/aws_robomaker_residential_Board_01
[0.627s] -- Installing: /home/thuong/amr_ws/install/amr_descriptions/share/amr_descriptions/worlds/models/aws_robomaker_residential_Board_01/model.config
[0.627s] -- Installing: /home/thuong/amr_ws/install/amr_descriptions/share/amr_descriptions/worlds/models/aws_robomaker_residential_Board_01/model.sdf
[0.627s] -- Installing: /home/thuong/amr_ws/install/amr_descriptions/share/amr_descriptions/worlds/models/aws_robomaker_residential_Board_01/materials
[0.627s] -- Installing: /home/thuong/amr_ws/install/amr_descriptions/share/amr_descriptions/worlds/models/aws_robomaker_residential_Board_01/materials/textures
[0.627s] -- Installing: /home/thuong/amr_ws/install/amr_descriptions/share/amr_descriptions/worlds/models/aws_robomaker_residential_Board_01/materials/textures/aws_Board_01.png
[0.627s] -- Installing: /home/thuong/amr_ws/install/amr_descriptions/share/amr_descriptions/worlds/models/aws_robomaker_residential_Board_01/meshes
[0.627s] -- Installing: /home/thuong/amr_ws/install/amr_descriptions/share/amr_descriptions/worlds/models/aws_robomaker_residential_Board_01/meshes/aws_Board_01_collision.DAE
[0.628s] -- Installing: /home/thuong/amr_ws/install/amr_descriptions/share/amr_descriptions/worlds/models/aws_robomaker_residential_Board_01/meshes/aws_Board_01_visual.DAE
[0.629s] -- Installing: /home/thuong/amr_ws/install/amr_descriptions/share/amr_descriptions/worlds/models/aws_robomaker_residential_LightC_01
[0.629s] -- Installing: /home/thuong/amr_ws/install/amr_descriptions/share/amr_descriptions/worlds/models/aws_robomaker_residential_LightC_01/model.config
[0.629s] -- Installing: /home/thuong/amr_ws/install/amr_descriptions/share/amr_descriptions/worlds/models/aws_robomaker_residential_LightC_01/model.sdf
[0.629s] -- Installing: /home/thuong/amr_ws/install/amr_descriptions/share/amr_descriptions/worlds/models/aws_robomaker_residential_LightC_01/materials
[0.630s] -- Installing: /home/thuong/amr_ws/install/amr_descriptions/share/amr_descriptions/worlds/models/aws_robomaker_residential_LightC_01/materials/textures
[0.630s] -- Installing: /home/thuong/amr_ws/install/amr_descriptions/share/amr_descriptions/worlds/models/aws_robomaker_residential_LightC_01/materials/textures/aws_LightC_01.png
[0.631s] -- Installing: /home/thuong/amr_ws/install/amr_descriptions/share/amr_descriptions/worlds/models/aws_robomaker_residential_LightC_01/meshes
[0.631s] -- Installing: /home/thuong/amr_ws/install/amr_descriptions/share/amr_descriptions/worlds/models/aws_robomaker_residential_LightC_01/meshes/aws_LightC_01_visual.DAE
[0.632s] -- Installing: /home/thuong/amr_ws/install/amr_descriptions/share/amr_descriptions/worlds/models/aws_robomaker_residential_LightC_01/meshes/aws_LightC_01_collision.DAE
[0.632s] -- Installing: /home/thuong/amr_ws/install/amr_descriptions/share/amr_descriptions/worlds/models/aruco_3
[0.632s] -- Installing: /home/thuong/amr_ws/install/amr_descriptions/share/amr_descriptions/worlds/models/aruco_3/model.config
[0.633s] -- Installing: /home/thuong/amr_ws/install/amr_descriptions/share/amr_descriptions/worlds/models/aruco_3/model.sdf
[0.633s] -- Installing: /home/thuong/amr_ws/install/amr_descriptions/share/amr_descriptions/worlds/models/aruco_3/materials
[0.633s] -- Installing: /home/thuong/amr_ws/install/amr_descriptions/share/amr_descriptions/worlds/models/aruco_3/materials/textures
[0.634s] -- Installing: /home/thuong/amr_ws/install/amr_descriptions/share/amr_descriptions/worlds/models/aruco_3/materials/textures/aruco_3.png
[0.634s] -- Installing: /home/thuong/amr_ws/install/amr_descriptions/share/amr_descriptions/worlds/models/aws_robomaker_residential_Door_01
[0.635s] -- Installing: /home/thuong/amr_ws/install/amr_descriptions/share/amr_descriptions/worlds/models/aws_robomaker_residential_Door_01/model.config
[0.635s] -- Installing: /home/thuong/amr_ws/install/amr_descriptions/share/amr_descriptions/worlds/models/aws_robomaker_residential_Door_01/model.sdf
[0.635s] -- Installing: /home/thuong/amr_ws/install/amr_descriptions/share/amr_descriptions/worlds/models/aws_robomaker_residential_Door_01/materials
[0.636s] -- Installing: /home/thuong/amr_ws/install/amr_descriptions/share/amr_descriptions/worlds/models/aws_robomaker_residential_Door_01/materials/textures
[0.636s] -- Installing: /home/thuong/amr_ws/install/amr_descriptions/share/amr_descriptions/worlds/models/aws_robomaker_residential_Door_01/materials/textures/aws_Door_01.png
[0.638s] -- Installing: /home/thuong/amr_ws/install/amr_descriptions/share/amr_descriptions/worlds/models/aws_robomaker_residential_Door_01/meshes
[0.639s] -- Installing: /home/thuong/amr_ws/install/amr_descriptions/share/amr_descriptions/worlds/models/aws_robomaker_residential_Door_01/meshes/aws_Door_01_collision.DAE
[0.639s] -- Installing: /home/thuong/amr_ws/install/amr_descriptions/share/amr_descriptions/worlds/models/aws_robomaker_residential_Door_01/meshes/aws_Door_01_visual.DAE
[0.640s] -- Installing: /home/thuong/amr_ws/install/amr_descriptions/share/amr_descriptions/worlds/models/aruco_2
[0.640s] -- Installing: /home/thuong/amr_ws/install/amr_descriptions/share/amr_descriptions/worlds/models/aruco_2/model.config
[0.644s] -- Installing: /home/thuong/amr_ws/install/amr_descriptions/share/amr_descriptions/worlds/models/aruco_2/model.sdf
[0.644s] -- Installing: /home/thuong/amr_ws/install/amr_descriptions/share/amr_descriptions/worlds/models/aruco_2/materials
[0.644s] -- Installing: /home/thuong/amr_ws/install/amr_descriptions/share/amr_descriptions/worlds/models/aruco_2/materials/textures
[0.645s] -- Installing: /home/thuong/amr_ws/install/amr_descriptions/share/amr_descriptions/worlds/models/aruco_2/materials/textures/aruco_2.png
[0.645s] -- Installing: /home/thuong/amr_ws/install/amr_descriptions/share/amr_descriptions/worlds/models/aws_robomaker_warehouse_ClutteringC_01
[0.645s] -- Installing: /home/thuong/amr_ws/install/amr_descriptions/share/amr_descriptions/worlds/models/aws_robomaker_warehouse_ClutteringC_01/model.config
[0.645s] -- Installing: /home/thuong/amr_ws/install/amr_descriptions/share/amr_descriptions/worlds/models/aws_robomaker_warehouse_ClutteringC_01/model.sdf
[0.645s] -- Installing: /home/thuong/amr_ws/install/amr_descriptions/share/amr_descriptions/worlds/models/aws_robomaker_warehouse_ClutteringC_01/materials
[0.647s] -- Installing: /home/thuong/amr_ws/install/amr_descriptions/share/amr_descriptions/worlds/models/aws_robomaker_warehouse_ClutteringC_01/materials/textures
[0.647s] -- Installing: /home/thuong/amr_ws/install/amr_descriptions/share/amr_descriptions/worlds/models/aws_robomaker_warehouse_ClutteringC_01/materials/textures/aws_robomaker_warehouse_ClutteringC_01.png
[0.647s] -- Installing: /home/thuong/amr_ws/install/amr_descriptions/share/amr_descriptions/worlds/models/aws_robomaker_warehouse_ClutteringC_01/materials/textures/aws_robomaker_warehouse_ClutteringC_02.png
[0.647s] -- Installing: /home/thuong/amr_ws/install/amr_descriptions/share/amr_descriptions/worlds/models/aws_robomaker_warehouse_ClutteringC_01/meshes
[0.647s] -- Installing: /home/thuong/amr_ws/install/amr_descriptions/share/amr_descriptions/worlds/models/aws_robomaker_warehouse_ClutteringC_01/meshes/aws_robomaker_warehouse_ClutteringC_01_collision.DAE
[0.648s] -- Installing: /home/thuong/amr_ws/install/amr_descriptions/share/amr_descriptions/worlds/models/aws_robomaker_warehouse_ClutteringC_01/meshes/aws_robomaker_warehouse_ClutteringC_01_visual.DAE
[0.648s] -- Installing: /home/thuong/amr_ws/install/amr_descriptions/share/amr_descriptions/worlds/models/aws_robomaker_warehouse_ShelfF_01
[0.648s] -- Installing: /home/thuong/amr_ws/install/amr_descriptions/share/amr_descriptions/worlds/models/aws_robomaker_warehouse_ShelfF_01/model.config
[0.648s] -- Installing: /home/thuong/amr_ws/install/amr_descriptions/share/amr_descriptions/worlds/models/aws_robomaker_warehouse_ShelfF_01/model.sdf
[0.649s] -- Installing: /home/thuong/amr_ws/install/amr_descriptions/share/amr_descriptions/worlds/models/aws_robomaker_warehouse_ShelfF_01/materials
[0.649s] -- Installing: /home/thuong/amr_ws/install/amr_descriptions/share/amr_descriptions/worlds/models/aws_robomaker_warehouse_ShelfF_01/materials/textures
[0.649s] -- Installing: /home/thuong/amr_ws/install/amr_descriptions/share/amr_descriptions/worlds/models/aws_robomaker_warehouse_ShelfF_01/materials/textures/aws_robomaker_warehouse_ShelfF_02.png
[0.652s] -- Installing: /home/thuong/amr_ws/install/amr_descriptions/share/amr_descriptions/worlds/models/aws_robomaker_warehouse_ShelfF_01/materials/textures/aws_robomaker_warehouse_ShelfF_01.png
[0.652s] -- Installing: /home/thuong/amr_ws/install/amr_descriptions/share/amr_descriptions/worlds/models/aws_robomaker_warehouse_ShelfF_01/materials/textures/aws_robomaker_warehouse_ShelfF_03.png
[0.652s] -- Installing: /home/thuong/amr_ws/install/amr_descriptions/share/amr_descriptions/worlds/models/aws_robomaker_warehouse_ShelfF_01/meshes
[0.653s] -- Installing: /home/thuong/amr_ws/install/amr_descriptions/share/amr_descriptions/worlds/models/aws_robomaker_warehouse_ShelfF_01/meshes/aws_robomaker_warehouse_ShelfF_01_collision.DAE
[0.653s] -- Installing: /home/thuong/amr_ws/install/amr_descriptions/share/amr_descriptions/worlds/models/aws_robomaker_warehouse_ShelfF_01/meshes/aws_robomaker_warehouse_ShelfF_01_visual.DAE
[0.654s] -- Installing: /home/thuong/amr_ws/install/amr_descriptions/share/amr_descriptions/worlds/models/aws_robomaker_warehouse_ClutteringD_01
[0.654s] -- Installing: /home/thuong/amr_ws/install/amr_descriptions/share/amr_descriptions/worlds/models/aws_robomaker_warehouse_ClutteringD_01/model.config
[0.659s] -- Installing: /home/thuong/amr_ws/install/amr_descriptions/share/amr_descriptions/worlds/models/aws_robomaker_warehouse_ClutteringD_01/model.sdf
[0.659s] -- Installing: /home/thuong/amr_ws/install/amr_descriptions/share/amr_descriptions/worlds/models/aws_robomaker_warehouse_ClutteringD_01/materials
[0.659s] -- Installing: /home/thuong/amr_ws/install/amr_descriptions/share/amr_descriptions/worlds/models/aws_robomaker_warehouse_ClutteringD_01/materials/textures
[0.659s] -- Installing: /home/thuong/amr_ws/install/amr_descriptions/share/amr_descriptions/worlds/models/aws_robomaker_warehouse_ClutteringD_01/materials/textures/aws_robomaker_warehouse_ClutteringD_02.png
[0.660s] -- Installing: /home/thuong/amr_ws/install/amr_descriptions/share/amr_descriptions/worlds/models/aws_robomaker_warehouse_ClutteringD_01/materials/textures/aws_robomaker_warehouse_ClutteringD_01.png
[0.660s] -- Installing: /home/thuong/amr_ws/install/amr_descriptions/share/amr_descriptions/worlds/models/aws_robomaker_warehouse_ClutteringD_01/meshes
[0.660s] -- Installing: /home/thuong/amr_ws/install/amr_descriptions/share/amr_descriptions/worlds/models/aws_robomaker_warehouse_ClutteringD_01/meshes/aws_robomaker_warehouse_ClutteringD_01_visual.DAE
[0.660s] -- Installing: /home/thuong/amr_ws/install/amr_descriptions/share/amr_descriptions/worlds/models/aws_robomaker_warehouse_ClutteringD_01/meshes/aws_robomaker_warehouse_ClutteringD_01_collision.DAE
[0.660s] -- Installing: /home/thuong/amr_ws/install/amr_descriptions/share/amr_descriptions/worlds/models/aws_robomaker_residential_DeskPortraitA_01
[0.660s] -- Installing: /home/thuong/amr_ws/install/amr_descriptions/share/amr_descriptions/worlds/models/aws_robomaker_residential_DeskPortraitA_01/model.config
[0.661s] -- Installing: /home/thuong/amr_ws/install/amr_descriptions/share/amr_descriptions/worlds/models/aws_robomaker_residential_DeskPortraitA_01/model.sdf
[0.661s] -- Installing: /home/thuong/amr_ws/install/amr_descriptions/share/amr_descriptions/worlds/models/aws_robomaker_residential_DeskPortraitA_01/materials
[0.662s] -- Installing: /home/thuong/amr_ws/install/amr_descriptions/share/amr_descriptions/worlds/models/aws_robomaker_residential_DeskPortraitA_01/materials/textures
[0.662s] -- Installing: /home/thuong/amr_ws/install/amr_descriptions/share/amr_descriptions/worlds/models/aws_robomaker_residential_DeskPortraitA_01/materials/textures/aws_DeskPortraitA_01.png
[0.662s] -- Installing: /home/thuong/amr_ws/install/amr_descriptions/share/amr_descriptions/worlds/models/aws_robomaker_residential_DeskPortraitA_01/materials/textures/aws_DeskPortraitA_02.png
[0.662s] -- Installing: /home/thuong/amr_ws/install/amr_descriptions/share/amr_descriptions/worlds/models/aws_robomaker_residential_DeskPortraitA_01/meshes
[0.662s] -- Installing: /home/thuong/amr_ws/install/amr_descriptions/share/amr_descriptions/worlds/models/aws_robomaker_residential_DeskPortraitA_01/meshes/aws_DeskPortraitA_01_visual.DAE
[0.662s] -- Installing: /home/thuong/amr_ws/install/amr_descriptions/share/amr_descriptions/worlds/models/aws_robomaker_residential_DeskPortraitA_01/meshes/aws_DeskPortraitA_01_collision.DAE
[0.662s] -- Installing: /home/thuong/amr_ws/install/amr_descriptions/share/amr_descriptions/worlds/models/aws_robomaker_residential_TVCabinet_01
[0.662s] -- Installing: /home/thuong/amr_ws/install/amr_descriptions/share/amr_descriptions/worlds/models/aws_robomaker_residential_TVCabinet_01/model.config
[0.662s] -- Installing: /home/thuong/amr_ws/install/amr_descriptions/share/amr_descriptions/worlds/models/aws_robomaker_residential_TVCabinet_01/model.sdf
[0.662s] -- Installing: /home/thuong/amr_ws/install/amr_descriptions/share/amr_descriptions/worlds/models/aws_robomaker_residential_TVCabinet_01/materials
[0.663s] -- Installing: /home/thuong/amr_ws/install/amr_descriptions/share/amr_descriptions/worlds/models/aws_robomaker_residential_TVCabinet_01/materials/textures
[0.663s] -- Installing: /home/thuong/amr_ws/install/amr_descriptions/share/amr_descriptions/worlds/models/aws_robomaker_residential_TVCabinet_01/materials/textures/aws_TVCabinet_01.png
[0.663s] -- Installing: /home/thuong/amr_ws/install/amr_descriptions/share/amr_descriptions/worlds/models/aws_robomaker_residential_TVCabinet_01/meshes
[0.663s] -- Installing: /home/thuong/amr_ws/install/amr_descriptions/share/amr_descriptions/worlds/models/aws_robomaker_residential_TVCabinet_01/meshes/aws_TVCabinet_01_visual.DAE
[0.663s] -- Installing: /home/thuong/amr_ws/install/amr_descriptions/share/amr_descriptions/worlds/models/aws_robomaker_residential_TVCabinet_01/meshes/aws_TVCabinet_01_collision.DAE
[0.663s] -- Installing: /home/thuong/amr_ws/install/amr_descriptions/share/amr_descriptions/worlds/models/aws_robomaker_residential_Dumbbell_01
[0.663s] -- Installing: /home/thuong/amr_ws/install/amr_descriptions/share/amr_descriptions/worlds/models/aws_robomaker_residential_Dumbbell_01/model.config
[0.663s] -- Installing: /home/thuong/amr_ws/install/amr_descriptions/share/amr_descriptions/worlds/models/aws_robomaker_residential_Dumbbell_01/model.sdf
[0.663s] -- Installing: /home/thuong/amr_ws/install/amr_descriptions/share/amr_descriptions/worlds/models/aws_robomaker_residential_Dumbbell_01/materials
[0.663s] -- Installing: /home/thuong/amr_ws/install/amr_descriptions/share/amr_descriptions/worlds/models/aws_robomaker_residential_Dumbbell_01/materials/textures
[0.663s] -- Installing: /home/thuong/amr_ws/install/amr_descriptions/share/amr_descriptions/worlds/models/aws_robomaker_residential_Dumbbell_01/materials/textures/aws_Dumbbell_01.png
[0.675s] -- Installing: /home/thuong/amr_ws/install/amr_descriptions/share/amr_descriptions/worlds/models/aws_robomaker_residential_Dumbbell_01/meshes
[0.675s] -- Installing: /home/thuong/amr_ws/install/amr_descriptions/share/amr_descriptions/worlds/models/aws_robomaker_residential_Dumbbell_01/meshes/aws_Dumbbell_01_visual.DAE
[0.675s] -- Installing: /home/thuong/amr_ws/install/amr_descriptions/share/amr_descriptions/worlds/models/aws_robomaker_residential_Dumbbell_01/meshes/aws_Dumbbell_01_collision.DAE
[0.675s] -- Installing: /home/thuong/amr_ws/install/amr_descriptions/share/amr_descriptions/worlds/models/aws_robomaker_warehouse_ClutteringA_01
[0.675s] -- Installing: /home/thuong/amr_ws/install/amr_descriptions/share/amr_descriptions/worlds/models/aws_robomaker_warehouse_ClutteringA_01/model.config
[0.675s] -- Installing: /home/thuong/amr_ws/install/amr_descriptions/share/amr_descriptions/worlds/models/aws_robomaker_warehouse_ClutteringA_01/.DS_Store
[0.675s] -- Installing: /home/thuong/amr_ws/install/amr_descriptions/share/amr_descriptions/worlds/models/aws_robomaker_warehouse_ClutteringA_01/model.sdf
[0.675s] -- Installing: /home/thuong/amr_ws/install/amr_descriptions/share/amr_descriptions/worlds/models/aws_robomaker_warehouse_ClutteringA_01/materials
[0.675s] -- Installing: /home/thuong/amr_ws/install/amr_descriptions/share/amr_descriptions/worlds/models/aws_robomaker_warehouse_ClutteringA_01/materials/textures
[0.676s] -- Installing: /home/thuong/amr_ws/install/amr_descriptions/share/amr_descriptions/worlds/models/aws_robomaker_warehouse_ClutteringA_01/materials/textures/aws_robomaker_warehouse_ClutteringA_03.png
[0.676s] -- Installing: /home/thuong/amr_ws/install/amr_descriptions/share/amr_descriptions/worlds/models/aws_robomaker_warehouse_ClutteringA_01/materials/textures/.DS_Store
[0.676s] -- Installing: /home/thuong/amr_ws/install/amr_descriptions/share/amr_descriptions/worlds/models/aws_robomaker_warehouse_ClutteringA_01/materials/textures/aws_robomaker_warehouse_ClutteringA_02.png
[0.676s] -- Installing: /home/thuong/amr_ws/install/amr_descriptions/share/amr_descriptions/worlds/models/aws_robomaker_warehouse_ClutteringA_01/materials/textures/aws_robomaker_warehouse_ClutteringA_01.png
[0.676s] -- Installing: /home/thuong/amr_ws/install/amr_descriptions/share/amr_descriptions/worlds/models/aws_robomaker_warehouse_ClutteringA_01/materials/.DS_Store
[0.676s] -- Installing: /home/thuong/amr_ws/install/amr_descriptions/share/amr_descriptions/worlds/models/aws_robomaker_warehouse_ClutteringA_01/meshes
[0.676s] -- Installing: /home/thuong/amr_ws/install/amr_descriptions/share/amr_descriptions/worlds/models/aws_robomaker_warehouse_ClutteringA_01/meshes/aws_robomaker_warehouse_ClutteringA_01_collision.DAE
[0.676s] -- Installing: /home/thuong/amr_ws/install/amr_descriptions/share/amr_descriptions/worlds/models/aws_robomaker_warehouse_ClutteringA_01/meshes/aws_robomaker_warehouse_ClutteringA_01_visual.DAE
[0.676s] -- Installing: /home/thuong/amr_ws/install/amr_descriptions/share/amr_descriptions/worlds/models/aws_robomaker_residential_CookingBench_01
[0.676s] -- Installing: /home/thuong/amr_ws/install/amr_descriptions/share/amr_descriptions/worlds/models/aws_robomaker_residential_CookingBench_01/model.config
[0.676s] -- Installing: /home/thuong/amr_ws/install/amr_descriptions/share/amr_descriptions/worlds/models/aws_robomaker_residential_CookingBench_01/model.sdf
[0.677s] -- Installing: /home/thuong/amr_ws/install/amr_descriptions/share/amr_descriptions/worlds/models/aws_robomaker_residential_CookingBench_01/materials
[0.677s] -- Installing: /home/thuong/amr_ws/install/amr_descriptions/share/amr_descriptions/worlds/models/aws_robomaker_residential_CookingBench_01/materials/textures
[0.677s] -- Installing: /home/thuong/amr_ws/install/amr_descriptions/share/amr_descriptions/worlds/models/aws_robomaker_residential_CookingBench_01/materials/textures/aws_CookingBench_01.png
[0.677s] -- Installing: /home/thuong/amr_ws/install/amr_descriptions/share/amr_descriptions/worlds/models/aws_robomaker_residential_CookingBench_01/meshes
[0.677s] -- Installing: /home/thuong/amr_ws/install/amr_descriptions/share/amr_descriptions/worlds/models/aws_robomaker_residential_CookingBench_01/meshes/aws_CookingBench_01.DAE
[0.677s] -- Installing: /home/thuong/amr_ws/install/amr_descriptions/share/amr_descriptions/worlds/models/aws_robomaker_residential_CookingBench_01/meshes/aws_CookingBench_01_collision.DAE
[0.677s] -- Installing: /home/thuong/amr_ws/install/amr_descriptions/share/amr_descriptions/worlds/models/aws_robomaker_residential_CookingBench_01/meshes/aws_CookingBench_01_visual.DAE
[0.677s] -- Installing: /home/thuong/amr_ws/install/amr_descriptions/share/amr_descriptions/worlds/models/aws_robomaker_residential_PortraitD_02
[0.677s] -- Installing: /home/thuong/amr_ws/install/amr_descriptions/share/amr_descriptions/worlds/models/aws_robomaker_residential_PortraitD_02/model.config
[0.687s] -- Installing: /home/thuong/amr_ws/install/amr_descriptions/share/amr_descriptions/worlds/models/aws_robomaker_residential_PortraitD_02/model.sdf
[0.687s] -- Installing: /home/thuong/amr_ws/install/amr_descriptions/share/amr_descriptions/worlds/models/aws_robomaker_residential_PortraitD_02/materials
[0.687s] -- Installing: /home/thuong/amr_ws/install/amr_descriptions/share/amr_descriptions/worlds/models/aws_robomaker_residential_PortraitD_02/materials/textures
[0.688s] -- Installing: /home/thuong/amr_ws/install/amr_descriptions/share/amr_descriptions/worlds/models/aws_robomaker_residential_PortraitD_02/materials/textures/aws_PortraitD_02.png
[0.688s] -- Installing: /home/thuong/amr_ws/install/amr_descriptions/share/amr_descriptions/worlds/models/aws_robomaker_residential_PortraitD_02/materials/textures/aws_PortraitD_01.png
[0.688s] -- Installing: /home/thuong/amr_ws/install/amr_descriptions/share/amr_descriptions/worlds/models/aws_robomaker_residential_PortraitD_02/meshes
[0.688s] -- Installing: /home/thuong/amr_ws/install/amr_descriptions/share/amr_descriptions/worlds/models/aws_robomaker_residential_PortraitD_02/meshes/aws_PortraitD_01_visual.DAE
[0.688s] -- Installing: /home/thuong/amr_ws/install/amr_descriptions/share/amr_descriptions/worlds/models/aws_robomaker_residential_PortraitD_02/meshes/aws_PortraitD_01_collision.DAE
[0.688s] -- Installing: /home/thuong/amr_ws/install/amr_descriptions/share/amr_descriptions/worlds/models/aws_robomaker_residential_Chandelier_01
[0.688s] -- Installing: /home/thuong/amr_ws/install/amr_descriptions/share/amr_descriptions/worlds/models/aws_robomaker_residential_Chandelier_01/model.config
[0.688s] -- Installing: /home/thuong/amr_ws/install/amr_descriptions/share/amr_descriptions/worlds/models/aws_robomaker_residential_Chandelier_01/model.sdf
[0.689s] -- Installing: /home/thuong/amr_ws/install/amr_descriptions/share/amr_descriptions/worlds/models/aws_robomaker_residential_Chandelier_01/materials
[0.689s] -- Installing: /home/thuong/amr_ws/install/amr_descriptions/share/amr_descriptions/worlds/models/aws_robomaker_residential_Chandelier_01/materials/textures
[0.689s] -- Installing: /home/thuong/amr_ws/install/amr_descriptions/share/amr_descriptions/worlds/models/aws_robomaker_residential_Chandelier_01/materials/textures/aws_Chandelier_01.png
[0.689s] -- Installing: /home/thuong/amr_ws/install/amr_descriptions/share/amr_descriptions/worlds/models/aws_robomaker_residential_Chandelier_01/meshes
[0.689s] -- Installing: /home/thuong/amr_ws/install/amr_descriptions/share/amr_descriptions/worlds/models/aws_robomaker_residential_Chandelier_01/meshes/aws_Chandelier_01.DAE
[0.689s] -- Installing: /home/thuong/amr_ws/install/amr_descriptions/share/amr_descriptions/worlds/models/aws_robomaker_residential_Chandelier_01/meshes/aws_Chandelier_01_visual.DAE
[0.689s] -- Installing: /home/thuong/amr_ws/install/amr_descriptions/share/amr_descriptions/worlds/models/aws_robomaker_residential_Chandelier_01/meshes/aws_Chandelier_01_collision.DAE
[0.689s] -- Installing: /home/thuong/amr_ws/install/amr_descriptions/share/amr_descriptions/worlds/models/aws_robomaker_residential_DeskPortraitD_02
[0.689s] -- Installing: /home/thuong/amr_ws/install/amr_descriptions/share/amr_descriptions/worlds/models/aws_robomaker_residential_DeskPortraitD_02/model.config
[0.689s] -- Installing: /home/thuong/amr_ws/install/amr_descriptions/share/amr_descriptions/worlds/models/aws_robomaker_residential_DeskPortraitD_02/model.sdf
[0.690s] -- Installing: /home/thuong/amr_ws/install/amr_descriptions/share/amr_descriptions/worlds/models/aws_robomaker_residential_DeskPortraitD_02/materials
[0.690s] -- Installing: /home/thuong/amr_ws/install/amr_descriptions/share/amr_descriptions/worlds/models/aws_robomaker_residential_DeskPortraitD_02/materials/textures
[0.690s] -- Installing: /home/thuong/amr_ws/install/amr_descriptions/share/amr_descriptions/worlds/models/aws_robomaker_residential_DeskPortraitD_02/materials/textures/aws_DeskPortraitD_02.png
[0.690s] -- Installing: /home/thuong/amr_ws/install/amr_descriptions/share/amr_descriptions/worlds/models/aws_robomaker_residential_DeskPortraitD_02/materials/textures/aws_DeskPortraitD_01.png
[0.690s] -- Installing: /home/thuong/amr_ws/install/amr_descriptions/share/amr_descriptions/worlds/models/aws_robomaker_residential_DeskPortraitD_02/meshes
[0.690s] -- Installing: /home/thuong/amr_ws/install/amr_descriptions/share/amr_descriptions/worlds/models/aws_robomaker_residential_DeskPortraitD_02/meshes/aws_DeskPortraitD_01_collision.DAE
[0.690s] -- Installing: /home/thuong/amr_ws/install/amr_descriptions/share/amr_descriptions/worlds/models/aws_robomaker_residential_DeskPortraitD_02/meshes/aws_DeskPortraitD_01_visual.DAE
[0.690s] -- Installing: /home/thuong/amr_ws/install/amr_descriptions/share/amr_descriptions/worlds/models/aws_robomaker_warehouse_ShelfE_01
[0.690s] -- Installing: /home/thuong/amr_ws/install/amr_descriptions/share/amr_descriptions/worlds/models/aws_robomaker_warehouse_ShelfE_01/model.config
[0.690s] -- Installing: /home/thuong/amr_ws/install/amr_descriptions/share/amr_descriptions/worlds/models/aws_robomaker_warehouse_ShelfE_01/.DS_Store
[0.690s] -- Installing: /home/thuong/amr_ws/install/amr_descriptions/share/amr_descriptions/worlds/models/aws_robomaker_warehouse_ShelfE_01/model.sdf
[0.691s] -- Installing: /home/thuong/amr_ws/install/amr_descriptions/share/amr_descriptions/worlds/models/aws_robomaker_warehouse_ShelfE_01/materials
[0.691s] -- Installing: /home/thuong/amr_ws/install/amr_descriptions/share/amr_descriptions/worlds/models/aws_robomaker_warehouse_ShelfE_01/materials/textures
[0.691s] -- Installing: /home/thuong/amr_ws/install/amr_descriptions/share/amr_descriptions/worlds/models/aws_robomaker_warehouse_ShelfE_01/materials/textures/aws_robomaker_warehouse_ShelfE_03.png
[0.691s] -- Installing: /home/thuong/amr_ws/install/amr_descriptions/share/amr_descriptions/worlds/models/aws_robomaker_warehouse_ShelfE_01/materials/textures/aws_robomaker_warehouse_ShelfE_01.png
[0.691s] -- Installing: /home/thuong/amr_ws/install/amr_descriptions/share/amr_descriptions/worlds/models/aws_robomaker_warehouse_ShelfE_01/materials/textures/aws_robomaker_warehouse_ShelfE_04.png
[0.696s] -- Installing: /home/thuong/amr_ws/install/amr_descriptions/share/amr_descriptions/worlds/models/aws_robomaker_warehouse_ShelfE_01/materials/textures/aws_robomaker_warehouse_ShelfE_02.png
[0.696s] -- Installing: /home/thuong/amr_ws/install/amr_descriptions/share/amr_descriptions/worlds/models/aws_robomaker_warehouse_ShelfE_01/materials/.DS_Store
[0.697s] -- Installing: /home/thuong/amr_ws/install/amr_descriptions/share/amr_descriptions/worlds/models/aws_robomaker_warehouse_ShelfE_01/meshes
[0.699s] -- Installing: /home/thuong/amr_ws/install/amr_descriptions/share/amr_descriptions/worlds/models/aws_robomaker_warehouse_ShelfE_01/meshes/aws_robomaker_warehouse_ShelfE_01_visual.DAE
[0.699s] -- Installing: /home/thuong/amr_ws/install/amr_descriptions/share/amr_descriptions/worlds/models/aws_robomaker_warehouse_ShelfE_01/meshes/aws_robomaker_warehouse_ShelfE_01_collision.DAE
[0.700s] -- Installing: /home/thuong/amr_ws/install/amr_descriptions/share/amr_descriptions/worlds/small_house.world
[0.700s] -- Installing: /home/thuong/amr_ws/install/amr_descriptions/share/amr_descriptions/worlds/room_20x20.world
[0.700s] -- Installing: /home/thuong/amr_ws/install/amr_descriptions/share/amr_descriptions/model
[0.700s] -- Installing: /home/thuong/amr_ws/install/amr_descriptions/share/amr_descriptions/model/roarm_description
[0.700s] -- Installing: /home/thuong/amr_ws/install/amr_descriptions/share/amr_descriptions/model/roarm_description/config
[0.700s] -- Installing: /home/thuong/amr_ws/install/amr_descriptions/share/amr_descriptions/model/roarm_description/config/joint_names_roarm.yaml
[0.700s] -- Installing: /home/thuong/amr_ws/install/amr_descriptions/share/amr_descriptions/model/roarm_description/config/ros2_control.yaml
[0.700s] -- Installing: /home/thuong/amr_ws/install/amr_descriptions/share/amr_descriptions/model/roarm_description/config/roarm_description.rviz
[0.700s] -- Installing: /home/thuong/amr_ws/install/amr_descriptions/share/amr_descriptions/model/roarm_description/urdf
[0.700s] -- Installing: /home/thuong/amr_ws/install/amr_descriptions/share/amr_descriptions/model/roarm_description/urdf/roarm.xacro
[0.701s] -- Installing: /home/thuong/amr_ws/install/amr_descriptions/share/amr_descriptions/model/roarm_description/urdf/roarm_ros2_control.xacro
[0.701s] -- Installing: /home/thuong/amr_ws/install/amr_descriptions/share/amr_descriptions/model/roarm_description/urdf/roarm_description_web_app.urdf
[0.701s] -- Installing: /home/thuong/amr_ws/install/amr_descriptions/share/amr_descriptions/model/roarm_description/urdf/roarm_gazebo.xacro
[0.701s] -- Installing: /home/thuong/amr_ws/install/amr_descriptions/share/amr_descriptions/model/roarm_description/urdf/roarm.urdf.xacro
[0.701s] -- Installing: /home/thuong/amr_ws/install/amr_descriptions/share/amr_descriptions/model/roarm_description/urdf/roarm_description.csv
[0.701s] -- Installing: /home/thuong/amr_ws/install/amr_descriptions/share/amr_descriptions/model/roarm_description/README.md
[0.701s] -- Installing: /home/thuong/amr_ws/install/amr_descriptions/share/amr_descriptions/model/roarm_description/meshes
[0.701s] -- Installing: /home/thuong/amr_ws/install/amr_descriptions/share/amr_descriptions/model/roarm_description/meshes/link1.STL
[0.701s] -- Installing: /home/thuong/amr_ws/install/amr_descriptions/share/amr_descriptions/model/roarm_description/meshes/link2.STL
[0.701s] -- Installing: /home/thuong/amr_ws/install/amr_descriptions/share/amr_descriptions/model/roarm_description/meshes/base_link.STL
[0.701s] -- Installing: /home/thuong/amr_ws/install/amr_descriptions/share/amr_descriptions/model/roarm_description/meshes/link3.STL
[0.702s] -- Installing: /home/thuong/amr_ws/install/amr_descriptions/share/amr_descriptions/model/roarm_description/meshes/gripper_link.STL
[0.702s] -- Installing: /home/thuong/amr_ws/install/amr_descriptions/share/amr_descriptions/model/wheeled
[0.702s] -- Installing: /home/thuong/amr_ws/install/amr_descriptions/share/amr_descriptions/model/wheeled/config
[0.702s] -- Installing: /home/thuong/amr_ws/install/amr_descriptions/share/amr_descriptions/model/wheeled/config/ros2_control.yaml
[0.702s] -- Installing: /home/thuong/amr_ws/install/amr_descriptions/share/amr_descriptions/model/wheeled/urdf
[0.710s] -- Installing: /home/thuong/amr_ws/install/amr_descriptions/share/amr_descriptions/model/wheeled/urdf/mobile_robot.urdf.xacro
[0.710s] -- Installing: /home/thuong/amr_ws/install/amr_descriptions/share/amr_descriptions/model/wheeled/urdf/ros2_control.xacro
[0.711s] -- Installing: /home/thuong/amr_ws/install/amr_descriptions/share/amr_descriptions/model/wheeled/urdf/new_robot_2.xacro
[0.711s] -- Installing: /home/thuong/amr_ws/install/amr_descriptions/share/amr_descriptions/model/wheeled/urdf/gazebo.xacro
[0.711s] -- Installing: /home/thuong/amr_ws/install/amr_descriptions/share/ament_index/resource_index/package_run_dependencies/amr_descriptions
[0.711s] -- Installing: /home/thuong/amr_ws/install/amr_descriptions/share/ament_index/resource_index/parent_prefix_path/amr_descriptions
[0.711s] -- Installing: /home/thuong/amr_ws/install/amr_descriptions/share/amr_descriptions/environment/ament_prefix_path.sh
[0.711s] -- Installing: /home/thuong/amr_ws/install/amr_descriptions/share/amr_descriptions/environment/ament_prefix_path.dsv
[0.711s] -- Installing: /home/thuong/amr_ws/install/amr_descriptions/share/amr_descriptions/environment/path.sh
[0.711s] -- Installing: /home/thuong/amr_ws/install/amr_descriptions/share/amr_descriptions/environment/path.dsv
[0.711s] -- Installing: /home/thuong/amr_ws/install/amr_descriptions/share/amr_descriptions/local_setup.bash
[0.711s] -- Installing: /home/thuong/amr_ws/install/amr_descriptions/share/amr_descriptions/local_setup.sh
[0.711s] -- Installing: /home/thuong/amr_ws/install/amr_descriptions/share/amr_descriptions/local_setup.zsh
[0.712s] -- Installing: /home/thuong/amr_ws/install/amr_descriptions/share/amr_descriptions/local_setup.dsv
[0.712s] -- Installing: /home/thuong/amr_ws/install/amr_descriptions/share/amr_descriptions/package.dsv
[0.712s] -- Installing: /home/thuong/amr_ws/install/amr_descriptions/share/ament_index/resource_index/packages/amr_descriptions
[0.712s] -- Installing: /home/thuong/amr_ws/install/amr_descriptions/share/amr_descriptions/cmake/amr_descriptionsConfig.cmake
[0.712s] -- Installing: /home/thuong/amr_ws/install/amr_descriptions/share/amr_descriptions/cmake/amr_descriptionsConfig-version.cmake
[0.712s] -- Installing: /home/thuong/amr_ws/install/amr_descriptions/share/amr_descriptions/package.xml
[0.730s] Invoked command in '/home/thuong/amr_ws/build/amr_descriptions' returned '0': CMAKE_PREFIX_PATH=${CMAKE_PREFIX_PATH}:/home/thuong/ros2_ws/install/agv_trajectory_tracking:/home/thuong/ros2_ws/install/agv_planner:/opt/ros/humble /usr/bin/cmake --install /home/thuong/amr_ws/build/amr_descriptions
